SALE TYPE,SOLD DATE,PROPERTY TYPE,ADDRESS,CITY,STATE OR PROVINCE,ZIP OR POSTAL CODE,PRICE,BEDS,BATHS,LOCATION,SQUARE FEET,LOT SIZE,YEAR BUILT,DAYS ON MARKET,$/SQUARE FEET,HOA/MONTH,STATUS,NEXT OPEN HOUSE START TIME,NEXT OPEN HOUSE END TIME,URL (SEE https://www.redfin.com/buy-a-home/comparative-market-analysis FOR INFO ON PRICING),SOURCE,MLS#,FAVORITE,INTERESTED,LATITUDE,LONGITUDE
MLS Listing,,Single Family Residential,9413 Clinton Dr,Houston,TX,77029,192000,4,1.5,Clinton Park,942,6480,1946,10,204,,Active,,,https://www.redfin.com/TX/Houston/9413-Clinton-Dr-77029/home/29969612,HARMLS,62980159,N,Y,29.735344,-95.2602171
MLS Listing,,Condo/Co-op,2333 Bering Dr #138,Houston,TX,77057,215000,2,2.5,Park Regency Condo,1152,77144,1983,62,187,465,Active,,,https://www.redfin.com/TX/Houston/2333-Bering-Dr-77057/unit-138/home/30541313,HARMLS,35771120,N,Y,29.7439819,-95.4778357
MLS Listing,,Single Family Residential,3714 Cosby St,Houston,TX,77021,219500,3,2.0,La Salette Place Sec 01,1350,7192,1940,1,163,,Active,,,https://www.redfin.com/TX/Houston/3714-Cosby-St-77021/home/30034700,HARMLS,16640161,N,Y,29.698137,-95.3634305
MLS Listing,,Condo/Co-op,2125 Augusta Dr #41,Houston,TX,77057,137000,1,1.0,Little Thicket Condo,708,130322,1978,1,194,311,Active,,,https://www.redfin.com/TX/Houston/2125-Augusta-Dr-77057/unit-41/home/30449133,HARMLS,62026223,N,Y,29.7438166,-95.4820325
MLS Listing,,Single Family Residential,8318 Lawler St,Houston,TX,77051,178000,3,1.0,Sunnyside Place,1242,5000,1952,1,143,,Active,,,https://www.redfin.com/TX/Houston/8318-Lawler-St-77051/home/29811617,HARMLS,3419424,N,Y,29.6711697,-95.373038
MLS Listing,,Condo/Co-op,2333 Bering Dr #133,Houston,TX,77057,185000,2,1.5,Park Regency Condo,1085,77144,1983,1,171,368,Active,,,https://www.redfin.com/TX/Houston/2333-Bering-Dr-77057/unit-133/home/30541306,HARMLS,47969035,N,Y,29.7439819,-95.4778357
MLS Listing,,Single Family Residential,3422 Hadley St St,Houston,TX,77004,160000,2,1.0,Prairie Home,642,4000,1935,1,249,,Active,,,https://www.redfin.com/TX/Houston/3422-Hadley-St-77004/home/29814119,HARMLS,34075798,N,Y,29.7351392,-95.3498767
MLS Listing,,Single Family Residential,3418 Hadley St,Houston,TX,77004,160000,2,1.0,Prairie Home,642,4000,1935,1,249,,Active,,,https://www.redfin.com/TX/Houston/3418-Hadley-St-77004/home/29814118,HARMLS,7630447,N,Y,29.7351921,-95.350032
MLS Listing,,Single Family Residential,637 Boyles St,Houston,TX,77020,170000,3,2.0,Houston Harbor Annex,1352,5000,1940,1,126,,Active,,,https://www.redfin.com/TX/Houston/637-Boyles-St-77020/home/29692158,HARMLS,28457165,N,Y,29.7770001,-95.2986292
MLS Listing,,Townhouse,2300 Old Spanish Trl #1094,Houston,TX,77054,159900,2,1.0,Riverwalk Condo Ph 03,838,5871,1983,1,191,385,Active,,,https://www.redfin.com/TX/Houston/2300-Old-Spanish-Trl-77054/unit-1094/home/30574224,HARMLS,51420118,N,Y,29.6980783,-95.3895314
MLS Listing,,Condo/Co-op,2832 S Bartell Dr #2,Houston,TX,77054,67500,1,1.0,Hearthwood Condo 2 Ph 4 & 5,700,71874,1983,1,96,350,Active,,,https://www.redfin.com/TX/Houston/2832-S-Bartell-Dr-77054/unit-2/home/30506540,HARMLS,50191509,N,Y,29.6813205,-95.4214063
MLS Listing,,Single Family Residential,3412 Chickering St,Houston,TX,77026,180000,3,2.0,Crane Street Woods Sec 03,1893,6544,1950,2,95,,Active,,,https://www.redfin.com/TX/Houston/3412-Chickering-St-77026/home/29974325,HARMLS,2030339,N,Y,29.7996375,-95.3348551
MLS Listing,,Single Family Residential,3910 Luca st St,Houston,TX,77021,209800,3,1.0,Scott Terrace Sec 03,846,6150,1952,2,248,,Active,,,https://www.redfin.com/TX/Houston/3910-Luca-St-77021/home/30018857,HARMLS,51586631,N,Y,29.6962197,-95.3598637
MLS Listing,,Single Family Residential,4230 Fallen Oaks Dr,Houston,TX,77091,219000,3,2.0,Pinemont Plaza,1494,6200,1972,2,147,,Active,,,https://www.redfin.com/TX/Houston/4230-Fallen-Oaks-Dr-77091/home/30261193,HARMLS,72362517,N,Y,29.8446571,-95.4506513
MLS Listing,,Condo/Co-op,2505 Bering Dr #15,Houston,TX,77057,209000,1,1.5,Bering Place Th Condo,1116,172320,1978,2,187,306,Active,,,https://www.redfin.com/TX/Houston/2505-Bering-Dr-77057/unit-15/home/30396485,HARMLS,36997469,N,Y,29.7404793,-95.4786183
MLS Listing,,Single Family Residential,3617 Noah St,Houston,TX,77021,199999,3,1.0,South End Sunnyside U/r,962,5000,1955,2,208,,Active,,,https://www.redfin.com/TX/Houston/3617-Noah-St-77021/home/30004252,HARMLS,93938792,N,Y,29.6855693,-95.3704997
MLS Listing,,Single Family Residential,4218 Lurlene St,Houston,TX,77017,219000,3,2.0,Meadowbrook Sec 02a,1620,5500,1951,2,135,,Active,,,https://www.redfin.com/TX/Houston/4218-Lurlene-St-77017/home/29867870,HARMLS,7735753,N,Y,29.6884062,-95.2606665
MLS Listing,,Single Family Residential,4513 Cavalcade St,Houston,TX,77026,199000,3,1.0,Kashmere Gardens,1595,17500,1940,2,125,,Active,,,https://www.redfin.com/TX/Houston/4513-Cavalcade-St-77026/home/29936961,HARMLS,47351042,N,Y,29.80057,-95.3243222
MLS Listing,,Single Family Residential,5008 Jewel St Unit 1/2,Houston,TX,77026,169000,2,1.0,Liberty/kashmere/houston/croyden Gardens,674,6400,1950,2,251,,Active,,,https://www.redfin.com/TX/Houston/5008-Jewel-St-77026/unit-1-2/home/29778909,HARMLS,33318519,N,Y,29.79014,-95.3201436
MLS Listing,,Single Family Residential,1820 Eubanks St,Houston,TX,77093,95000,3,1.0,Croyden Gardens,657,3150,1940,2,145,,Active,,,https://www.redfin.com/TX/Houston/1820-Eubanks-St-77093/home/29928406,HARMLS,35372318,N,Y,29.8322061,-95.351495
MLS Listing,,Single Family Residential,408 E 33rd St,Houston,TX,77018,225000,3,1.0,Independence Heights,1622,6250,1948,2,139,,Active,,,https://www.redfin.com/TX/Houston/408-E-33rd-St-77018/home/29703791,HARMLS,52238135,N,Y,29.8161591,-95.3942873
MLS Listing,,Single Family Residential,2630 Kenco St,Houston,TX,77093,180000,2,1.0,Kenco Gardens R/p,1721,3082,1960,3,105,,Active,,,https://www.redfin.com/TX/Houston/2630-Kenco-St-77093/home/30192138,HARMLS,76003744,N,Y,29.8394609,-95.3454259
MLS Listing,,Townhouse,3001 Murworth Dr #1604,Houston,TX,77025,188000,1,1.5,Southpoint Twnhms,1035,163170,2006,3,182,365,Active,,,https://www.redfin.com/TX/Houston/3001-Murworth-Dr-77025/unit-1604/home/29562788,HARMLS,27347547,N,Y,29.6852439,-95.4242772
MLS Listing,,Single Family Residential,7803 King St,Houston,TX,77028,165000,1,1.0,Liberty Road Manor,1165,4121,1950,3,142,,Active,,,https://www.redfin.com/TX/Houston/7803-King-St-77028/home/29735501,HARMLS,87133421,N,Y,29.8215848,-95.2859985
MLS Listing,,Condo/Co-op,4040 San Felipe St #276,Houston,TX,77027,200000,2,1.5,River Oaks TH Cond,1068,,1956,3,187,537,Active,,,https://www.redfin.com/TX/Houston/4040-San-Felipe-St-77027/unit-276/home/30360532,HARMLS,12612613,N,Y,29.7470893,-95.4471781
MLS Listing,,Single Family Residential,8022 Laura Koppe Rd,Houston,TX,77028,115000,2,1.0,Clairmont Place,756,7020,1957,3,152,,Active,,,https://www.redfin.com/TX/Houston/8022-Laura-Koppe-Rd-77028/home/30021295,HARMLS,45612177,N,Y,29.840387,-95.2812686
MLS Listing,,Single Family Residential,5030 Yellowstone Blvd,Houston,TX,77021,218000,3,1.0,Macgregor Terrace Sec 01,832,6560,1955,3,262,,Active,,,https://www.redfin.com/TX/Houston/5030-Yellowstone-Blvd-77021/home/30035862,HARMLS,42100624,N,Y,29.6882404,-95.3440207
MLS Listing,,Single Family Residential,8334 Carolwood Dr,Houston,TX,77028,150000,3,1.0,Larkstone Place,1744,14152,1950,3,86,,Active,,,https://www.redfin.com/TX/Houston/8334-Carolwood-Dr-77028/home/30023349,HARMLS,44314034,N,Y,29.835958,-95.2737291
MLS Listing,,Single Family Residential,5511 Beekman Rd,Houston,TX,77021,180000,2,1.0,Macgregor Place,1266,7200,1950,3,142,,Active,,,https://www.redfin.com/TX/Houston/5511-Beekman-Rd-77021/home/30023922,HARMLS,89429192,N,Y,29.6991717,-95.3299568
MLS Listing,,Single Family Residential,10320 Caxton St,Houston,TX,77016,120000,3,1.0,Henry Place,1148,7020,1960,4,105,,Active,,,https://www.redfin.com/TX/Houston/10320-Caxton-St-77016/home/30061890,HARMLS,79953935,N,Y,29.8612202,-95.3124431
MLS Listing,,Condo/Co-op,8211 Kingsbrook Rd #205,Houston,TX,77024,200000,2,1.5,Bayou Bend T/h Condo,1102,372523,1964,4,181,459,Active,,,https://www.redfin.com/TX/Houston/8211-Kingsbrook-Rd-77024/unit-205/home/30423085,HARMLS,28012940,N,Y,29.780386,-95.4852978
MLS Listing,,Single Family Residential,7943 Cabot St,Houston,TX,77078,159900,3,2.0,Park North Sec 02 R/p,1244,6720,1980,4,129,,Active,,,https://www.redfin.com/TX/Houston/7943-Cabot-St-77078/home/30269466,HARMLS,301697,N,Y,29.8542778,-95.2799822
MLS Listing,,Condo/Co-op,2300 Old Spanish Trl #1014,Houston,TX,77054,170000,2,2.0,Riverwalk Condo PH 1,1019,160014,1983,4,167,470,Active,,,https://www.redfin.com/TX/Houston/2300-Old-Spanish-Trl-77054/unit-1014/home/30573715,HARMLS,78677509,N,Y,29.6980783,-95.3895314
MLS Listing,,Condo/Co-op,2255 Braeswood Park Dr #143,Houston,TX,77030,159900,1,1.0,Braeswood Park Condos,961,428629,1983,4,166,315,Active,,,https://www.redfin.com/TX/Houston/2255-Braeswood-Park-Dr-77030/unit-143/home/29422472,HARMLS,2986940,N,Y,29.6955873,-95.412784
MLS Listing,,Condo/Co-op,2300 Old Spanish Trl #1039,Houston,TX,77054,189999,2,2.0,Riverwalk Condo,1019,,1983,4,186,469,Active,,,https://www.redfin.com/TX/Houston/2300-Old-Spanish-Trl-77054/unit-1039/home/30573894,HARMLS,21317181,N,Y,29.6980783,-95.3895314
MLS Listing,,Condo/Co-op,1711 Old Spanish Trl #140,Houston,TX,77054,210000,1,1.0,Valencia Condos,799,,2005,4,263,498,Active,,,https://www.redfin.com/TX/Houston/1711-Old-Spanish-Trl-77054/unit-140/home/29520761,HARMLS,7680880,N,Y,29.6957197,-95.4037016
MLS Listing,,Single Family Residential,7944 Betty Boop St,Houston,TX,77028,99000,2,1.0,Liberty Road Manor Sec 07 U/r,902,4000,1940,4,110,,Active,,,https://www.redfin.com/TX/Houston/7944-Betty-Boop-St-77028/home/29734612,HARMLS,53398530,N,Y,29.8237436,-95.2822804
MLS Listing,,Single Family Residential,5027 Cosby St,Houston,TX,77021,209900,3,2.0,Macgregor Terrace Sec 01,1527,6380,1950,4,137,,Active,,,https://www.redfin.com/TX/Houston/5027-Cosby-St-77021/home/30036172,HARMLS,81183800,N,Y,29.6930796,-95.3422589
MLS Listing,,Single Family Residential,3806 Rebecca St,Houston,TX,77021,140000,2,1.0,South End Sunnyside Add,744,5000,1950,4,188,,Active,,,https://www.redfin.com/TX/Houston/3806-Rebecca-St-77021/home/182957916,HARMLS,59405621,N,Y,29.6816471,-95.3689412
MLS Listing,,Condo/Co-op,5625 Antoine Dr #1212,Houston,TX,77091,55500,2,1.5,Oakwood Gardens Condo,1025,398376,1972,4,54,465,Active,,,https://www.redfin.com/TX/Houston/5625-Antoine-Dr-77091/unit-1212/home/29637946,HARMLS,86514214,N,Y,29.8482983,-95.47517
MLS Listing,,Condo/Co-op,419 Marshall St #7,Houston,TX,77006,149900,1,1.0,Marshall Condo,612,9450,1970,5,245,201,Active,,,https://www.redfin.com/TX/Houston/419-Marshall-St-77006/unit-7/home/30400512,HARMLS,97535783,N,Y,29.7400729,-95.3828737
MLS Listing,,Single Family Residential,9318 Linda Vista Rd,Houston,TX,77078,189900,4,2.5,Chatwood Place Sec 06,1437,8840,1964,5,132,,Active,,,https://www.redfin.com/TX/Houston/9318-Linda-Vista-Rd-77078/home/30127184,HARMLS,42126578,N,Y,29.8379754,-95.2491086
MLS Listing,,Single Family Residential,406 Gammon Dr,Houston,TX,77022,220000,3,1.0,Glenburnie Sec 01,1180,7560,1955,5,186,,Active,,,https://www.redfin.com/TX/Houston/406-Gammon-Dr-77022/home/30062058,HARMLS,33476000,N,Y,29.8391116,-95.3945891
MLS Listing,,Single Family Residential,2911 Burkett St,Houston,TX,77004,99000,1,1.0,Booker T Washington,580,1650,1936,5,171,,Active,,,https://www.redfin.com/TX/Houston/2911-Burkett-St-77004/home/29809479,HARMLS,79136378,N,Y,29.7323662,-95.3560366
MLS Listing,,Single Family Residential,9607 Seeker St,Houston,TX,77078,187000,3,2.0,Glenwood Forest Sec 01,1198,7632,1975,5,156,,Active,,,https://www.redfin.com/TX/Houston/9607-Seeker-St-77078/home/30231366,HARMLS,61574101,N,Y,29.8512159,-95.2731985
MLS Listing,,Condo/Co-op,815 Kipling St #205,Houston,TX,77006,189900,1,1.0,Kipling Arms Condo,630,13186,1968,5,301,285,Active,,,https://www.redfin.com/TX/Houston/815-Kipling-St-77006/unit-205/home/160361499,HARMLS,63278263,N,Y,29.7402825,-95.3893901
MLS Listing,,Single Family Residential,5646 Yale St,Houston,TX,77076,165000,3,1.0,North Park,1145,7035,1950,5,144,,Active,,,https://www.redfin.com/TX/Houston/5646-Yale-St-77076/home/30036287,HARMLS,88932804,N,Y,29.8491033,-95.4028071
MLS Listing,,Single Family Residential,5210 Anzio Rd,Houston,TX,77033,179999,3,1.0,South Park Sec 02,1040,7920,1956,5,173,,Active,,,https://www.redfin.com/TX/Houston/5210-Anzio-Rd-77033/home/30015380,HARMLS,78257629,N,Y,29.6792422,-95.3389438
MLS Listing,,Single Family Residential,7032 Rook Blvd,Houston,TX,77087,198000,4,2.0,Bayou Oaks,1584,10227,1971,5,125,,Active,,,https://www.redfin.com/TX/Houston/7032-Rook-Blvd-77087/home/30004718,HARMLS,97465988,N,Y,29.6687033,-95.3041449
MLS Listing,,Single Family Residential,6929 Avenue K,Houston,TX,77011,224990,2,2.0,Central Park,1126,4200,1930,5,200,,Active,,,https://www.redfin.com/TX/Houston/6929-Avenue-K-77011/home/29769470,HARMLS,98711571,N,Y,29.7428601,-95.3002247
MLS Listing,,Single Family Residential,7217 Parker Rd,Houston,TX,77016,185000,4,1.0,Scenic Woods,1296,7349,1954,5,143,,Active,,,https://www.redfin.com/TX/Houston/7217-Parker-Rd-77016/home/30085025,HARMLS,75398658,N,Y,29.8579959,-95.2985011
MLS Listing,,Single Family Residential,6218 Ridgeway Dr,Houston,TX,77087,214990,4,2.0,Overbrook Sec 08,1290,6168,1955,5,167,,Active,,,https://www.redfin.com/TX/Houston/6218-Ridgeway-Dr-77087/home/30082534,HARMLS,26541899,N,Y,29.667832,-95.316793
MLS Listing,,Single Family Residential,2506 Garwood Dr,Houston,TX,77091,109000,2,1.0,Dexter Place,910,5330,1955,6,120,,Active,,,https://www.redfin.com/TX/Houston/2506-Garwood-Dr-77091/home/30052247,HARMLS,97449472,N,Y,29.8626043,-95.4493003
MLS Listing,,Single Family Residential,2426 Mann St,Houston,TX,77093,179900,2,1.0,Patton U/r,986,10427,1947,6,182,,Active,,,https://www.redfin.com/TX/Houston/2426-Mann-St-77093/home/29845353,HARMLS,24616316,N,Y,29.8318084,-95.3468359
MLS Listing,,Condo/Co-op,8299 Cambridge St #1101,Houston,TX,77054,125000,1,1.5,Sherbrooke Square T/h Condo 02,852,54785,1981,7,147,374,Active,,,https://www.redfin.com/TX/Houston/8299-Cambridge-St-77054/unit-1101/home/30511399,HARMLS,97249249,N,Y,29.686939,-95.394865
MLS Listing,,Townhouse,8299 Cambridge St #1102,Houston,TX,77054,125000,1,1.5,Sherbrooke Square T/h Condo,852,,1981,7,147,374,Active,,,https://www.redfin.com/TX/Houston/8299-Cambridge-St-77054/unit-1102/home/30511400,HARMLS,18080252,N,Y,29.686939,-95.394865
MLS Listing,,Condo/Co-op,7313 Gulf Fwy #813,Houston,TX,77017,83000,2,1.5,Berkley Court Condo Ph 02,902,70216,1981,8,92,431,Active,,,https://www.redfin.com/TX/Houston/7313-Gulf-Fwy-77017/unit-813/home/30514759,HARMLS,95883160,N,Y,29.6975441,-95.2841725
MLS Listing,,Single Family Residential,3905 Cotswold St,Houston,TX,77009,215000,2,1.0,Brooke Smith Second Add,912,5000,1924,8,236,,Active,,,https://www.redfin.com/TX/Houston/3905-Cotswold-St-77009/home/29743985,HARMLS,73857702,N,Y,29.7924776,-95.3706165
MLS Listing,,Single Family Residential,802 Clinton Park St,Houston,TX,77029,89900,2,1.0,Clinton Park,913,6600,1940,8,98,,Active,,,https://www.redfin.com/TX/Houston/802-Clinton-Park-St-77029/home/29969792,HARMLS,76514832,N,Y,29.7394795,-95.2570787
MLS Listing,,Single Family Residential,8157 Record St,Houston,TX,77028,179500,3,1.0,Clairmont Place Sec 02,1050,7200,1950,8,171,,Active,,,https://www.redfin.com/TX/Houston/8157-Record-St-77028/home/30021456,HARMLS,2667160,N,Y,29.84698,-95.2776884
MLS Listing,,Condo/Co-op,2818 S Bartell Dr #213,Houston,TX,77054,79500,1,1.0,Hearthwood 02 Condo Ph 03,700,112064,1982,8,114,310,Active,,,https://www.redfin.com/TX/Houston/2818-S-Bartell-Dr-77054/unit-213/home/30506637,HARMLS,74186887,N,Y,29.6806988,-95.4211607
MLS Listing,,Single Family Residential,5950 Southford St,Houston,TX,77033,130000,3,1.0,Southcrest,1284,7866,1950,8,101,,Active,,,https://www.redfin.com/TX/Houston/5950-Southford-St-77033/home/30026746,HARMLS,45562675,N,Y,29.6787905,-95.3295941
MLS Listing,,Single Family Residential,8762 Othello St,Houston,TX,77029,179000,3,1.0,Pleasant View,1236,6105,1955,8,145,,Active,,,https://www.redfin.com/TX/Houston/8762-Othello-St-77029/home/30096031,HARMLS,11090455,N,Y,29.7609254,-95.2670363
MLS Listing,,Single Family Residential,518 Wild Wind Ln,Houston,TX,77013,200000,3,2.0,Songwood Sec 06,1582,6900,1976,9,126,2,Active,,,https://www.redfin.com/TX/Houston/518-Wild-Wind-Ln-77013/home/30214254,HARMLS,2680710,N,Y,29.7796828,-95.2363756
MLS Listing,,Townhouse,7827 Grove Ridge Dr,Houston,TX,77061,105000,2,1.5,Glenbrook T/h,1156,840,1972,9,91,372,Active,,,https://www.redfin.com/TX/Houston/7827-Grove-Ridge-Dr-77061/home/30270321,HARMLS,85452194,N,Y,29.6769298,-95.2845872
MLS Listing,,Condo/Co-op,2600 Bellefontaine St Unit C-9,Houston,TX,77025,110000,1,1.0,Barclay,898,,1964,9,122,644,Active,,,https://www.redfin.com/TX/Houston/2600-Bellefontaine-St-77025/unit-C9/home/30396514,HARMLS,77124739,N,Y,29.7035364,-95.4198922
MLS Listing,,Single Family Residential,2120 Yates St,Houston,TX,77020,140000,2,1.0,Augusta,864,2500,1936,9,162,,Active,,,https://www.redfin.com/TX/Houston/2120-Yates-St-77020/home/29646780,HARMLS,46042966,N,Y,29.7802025,-95.3237314
MLS Listing,,Single Family Residential,7335 Market St,Houston,TX,77020,140000,2,1.0,Houston Harbor,1044,4500,1940,9,134,,Active,,,https://www.redfin.com/TX/Houston/7335-Market-St-77020/home/29691341,HARMLS,36989161,N,Y,29.7727619,-95.2948156
MLS Listing,,Condo/Co-op,2209 S Braeswood Blvd Unit 33I,Houston,TX,77030,132000,2,1.0,Braeswood Condo,913,,1981,9,145,289,Active,,,https://www.redfin.com/TX/Houston/2209-S-Braeswood-Blvd-77030/unit-33I/home/30535328,HARMLS,49982411,N,Y,29.696148,-95.410505
MLS Listing,,Single Family Residential,3137 Crandon St,Houston,TX,77026,109900,3,1.5,Oak Park,1208,6500,1972,9,91,,Active,,,https://www.redfin.com/TX/Houston/3137-Crandon-St-77026/home/29727074,HARMLS,32125596,N,Y,29.7986961,-95.3372736
MLS Listing,,Single Family Residential,5422 Minden St,Houston,TX,77026,164995,2,1.0,Kashmere Gardens,864,15000,1945,10,191,,Active,,,https://www.redfin.com/TX/Houston/5422-Minden-St-77026/home/29937601,HARMLS,26949163,N,Y,29.8073087,-95.3160344
MLS Listing,,Condo/Co-op,8055 Cambridge St #59,Houston,TX,77054,121900,2,1.0,Cambridge Court Condo Ph 01,776,169569,1984,10,157,402,Active,,,https://www.redfin.com/TX/Houston/8055-Cambridge-St-77054/unit-59/home/30561089,HARMLS,32334475,N,Y,29.6896964,-95.3930356
MLS Listing,,Condo/Co-op,8100 Cambridge #10,Houston,TX,77054,175000,2,1.0,Cambridge Glen Condo Pho1,1140,89396,1980,10,154,365,Active,,,https://www.redfin.com/TX/Houston/8100-Cambridge-St-77054/unit-10/home/30448533,HARMLS,26861218,N,Y,29.6877589,-95.394436
MLS Listing,,Single Family Residential,4414 Caplin St,Houston,TX,77026,165000,3,1.0,Kashmere Gardens Ext,1160,6360,1957,10,142,,Active,,,https://www.redfin.com/TX/Houston/4414-Caplin-St-77026/home/29938705,HARMLS,86241181,N,Y,29.8152773,-95.3249897
MLS Listing,,Single Family Residential,5959 Pershing St,Houston,TX,77033,119900,3,1.0,Southcrest Sec 05,1278,7626,1950,10,94,,Active,,,https://www.redfin.com/TX/Houston/5959-Pershing-St-77033/home/30027197,HARMLS,28311094,N,Y,29.6758522,-95.3295024
MLS Listing,,Condo/Co-op,1400 Hermann Dr Unit 15C,Houston,TX,77004,220000,1,1.0,Hermann Condo Amd,933,74637,1957,10,236,1212,Active,,,https://www.redfin.com/TX/Houston/1400-Hermann-Dr-77004/unit-15C/home/30372977,HARMLS,15126162,N,Y,29.7224448,-95.3868057
MLS Listing,,Condo/Co-op,7900 N Stadium Dr #126,Houston,TX,77030,107000,1,1.0,Briar Green Condo Ph 01,729,230940,1979,11,147,345,Active,,,https://www.redfin.com/TX/Houston/7900-N-Stadium-Dr-77030/unit-126/home/30458236,HARMLS,84184561,N,Y,29.6960567,-95.4091009
MLS Listing,,Condo/Co-op,7575 Kirby Dr #2318,Houston,TX,77030,219900,1,1.0,7575 Kirby,1024,,2003,11,215,370,Active,,,https://www.redfin.com/TX/Houston/7575-Kirby-Dr-77030/unit-2318/home/29298761,HARMLS,98586471,N,Y,29.6986135,-95.4178054
MLS Listing,,Condo/Co-op,606 Marshall St Unit B13,Houston,TX,77006,162000,1,1.0,Montrose Place T/h Condo,600,28936,1970,11,270,350,Active,,,https://www.redfin.com/TX/Houston/606-Marshall-St-77006/unit-B13/home/30449644,HARMLS,42165661,N,Y,29.739815,-95.3867362
MLS Listing,,Single Family Residential,5511 Hershe St,Houston,TX,77020,182500,2,1.0,Mims,1184,4410,1945,11,154,,Active,,,https://www.redfin.com/TX/Houston/5511-Hershe-St-77020/home/112794353,HARMLS,9301247,N,Y,29.7785249,-95.3152919
MLS Listing,,Single Family Residential,419 De Haven St,Houston,TX,77029,205000,3,2.0,Fidelity,1600,5000,1940,11,128,,Active,,,https://www.redfin.com/TX/Houston/419-De-Haven-St-77029/home/29671632,HARMLS,6530957,N,Y,29.739761,-95.2545487
MLS Listing,,Condo/Co-op,5625 Antoine Dr #1305,Houston,TX,77091,75000,2,2.0,Oakwood Gardens Condo,1134,398376,1972,11,66,465,Active,,,https://www.redfin.com/TX/Houston/5625-Antoine-Dr-77091/unit-1305/home/29637951,HARMLS,27730219,N,Y,29.8482983,-95.47517
MLS Listing,,Condo/Co-op,5625 Antoine Dr #102,Houston,TX,77091,55000,1,1.0,Oakwood Gardens Condo Llc,725,398376,1972,11,76,465,Active,,,https://www.redfin.com/TX/Houston/5625-Antoine-Dr-77091/unit-102/home/29638132,HARMLS,5064219,N,Y,29.8482983,-95.47517
MLS Listing,,Single Family Residential,5301 Salina St,Houston,TX,77026,165000,3,1.0,Benny Brown,912,3600,1955,12,181,,Active,,,https://www.redfin.com/TX/Houston/5301-Salina-St-77026/home/29857635,HARMLS,97610736,N,Y,29.7918779,-95.3174933
MLS Listing,,Single Family Residential,1415 Teanaway Ln,Houston,TX,77029,197500,3,1.0,Pleasantville Sec 02,1180,5832,1950,12,167,,Active,,,https://www.redfin.com/TX/Houston/1415-Teanaway-Ln-77029/home/30037554,HARMLS,32748166,N,Y,29.7654744,-95.2766475
MLS Listing,,Single Family Residential,5927 Doulton Dr,Houston,TX,77033,195000,3,1.5,Edgewood Sec 04,1149,11050,1950,12,170,,Active,,,https://www.redfin.com/TX/Houston/5927-Doulton-Dr-77033/home/30054653,HARMLS,48910378,N,Y,29.6721898,-95.3309392
MLS Listing,,Condo/Co-op,7900 N Stadium Dr #82,Houston,TX,77030,135000,1,1.0,Briar Green Condo Ph 01,729,230940,1979,12,185,345,Active,,,https://www.redfin.com/TX/Houston/7900-N-Stadium-Dr-77030/unit-82/home/30458187,HARMLS,10634371,N,Y,29.6960567,-95.4091009
MLS Listing,,Condo/Co-op,3940 W Alabama St #7,Houston,TX,77027,194500,2,1.0,Foresters Pond Condo,832,134147,1963,12,234,436,Active,,,https://www.redfin.com/TX/Houston/3940-W-Alabama-St-77027/unit-7/home/30399797,HARMLS,1095638,N,Y,29.7383067,-95.4441374
MLS Listing,,Townhouse,5625 Antoine Dr #1403,Houston,TX,77091,75000,2,2.0,Oakwood Gardens Condo,1027,398376,1972,12,73,288,Active,,,https://www.redfin.com/TX/Houston/5625-Antoine-Dr-77091/unit-1403/home/29637963,HARMLS,19409566,N,Y,29.8482983,-95.47517
MLS Listing,,Single Family Residential,3910 Stassen St,Houston,TX,77051,150000,1,1.0,Sunnyside Courts,640,5000,1987,13,234,,Active,,,https://www.redfin.com/TX/Houston/3910-Stassen-St-77051/home/113062694,HARMLS,32504761,N,Y,29.6723325,-95.3667456
MLS Listing,,Condo/Co-op,3402 Garrott St #13,Houston,TX,77006,215000,1,1.0,Garrott T/h Condo,680,13266,1968,13,316,265,Active,,,https://www.redfin.com/TX/Houston/3402-Garrott-St-77006/unit-13/home/30445043,HARMLS,28385417,N,Y,29.7421885,-95.3857634
MLS Listing,,Single Family Residential,8107 Kenton,Houston,TX,77028,213000,4,2.0,Liberty Road Manor,2210,8320,2023,13,96,,Active,,,https://www.redfin.com/TX/Houston/8107-Kenton-St-77028/home/185489914,HARMLS,43910204,N,Y,29.815626,-95.27905
MLS Listing,,Condo/Co-op,3131 Cummins St #21,Houston,TX,77027,169000,2,1.0,Cummins Lane T/h Condo,943,81690,1969,13,179,739,Active,,,https://www.redfin.com/TX/Houston/3131-Cummins-St-77027/unit-21/home/30390159,HARMLS,69289525,N,Y,29.737124,-95.4380224
MLS Listing,,Condo/Co-op,2255 Braeswood Park Dr #269,Houston,TX,77030,209500,2,2.0,Braeswood Park Condos,1096,428629,1983,14,191,454,Active,,,https://www.redfin.com/TX/Houston/2255-Braeswood-Park-Dr-77030/unit-269/home/29422338,HARMLS,75892634,N,Y,29.6955873,-95.412784
MLS Listing,,Condo/Co-op,2601 Bellefontaine St #116,Houston,TX,77025,124500,1,1.0,Barclay Condo,744,139327,1960,14,167,474,Active,,,https://www.redfin.com/TX/Houston/2601-Bellefontaine-St-77025/unit-116/home/30424612,HARMLS,88734030,N,Y,29.702838,-95.4192205
MLS Listing,,Condo/Co-op,7714 Renwick Dr Unit M66,Houston,TX,77081,95000,1,1.0,Palm Gardens Condo,651,184257,1966,15,146,209,Active,,,https://www.redfin.com/TX/Houston/7714-Renwick-Dr-77081/unit-M66/home/30400649,HARMLS,96179742,N,Y,29.695263,-95.485505
MLS Listing,,Townhouse,3300 Yorktown St #13,Houston,TX,77056,150000,2,2.5,Yorktown T/h Condo,1664,49127,1963,15,90,1365,Active,,,https://www.redfin.com/TX/Houston/3300-Yorktown-St-77056/unit-13/home/30374086,HARMLS,5566290,N,Y,29.730877,-95.470714
MLS Listing,,Single Family Residential,5326 Longmeadow St,Houston,TX,77033,215000,3,2.0,Smallwood Terrace,1430,5616,1948,15,150,,Active,,,https://www.redfin.com/TX/Houston/5326-Longmeadow-St-77033/home/30031203,HARMLS,61154427,N,Y,29.6732851,-95.3412631
MLS Listing,,Single Family Residential,3318 Caplin St,Houston,TX,77026,200000,2,1.0,Humble Road Gardens,984,9300,1940,15,203,,Active,,,https://www.redfin.com/TX/Houston/3318-Caplin-St-77026/home/29962492,HARMLS,59818377,N,Y,29.8162104,-95.3377529
MLS Listing,,Single Family Residential,6016 Sayers St,Houston,TX,77026,125000,2,1.0,Wilshire Place,624,1806,1962,16,200,,Active,,,https://www.redfin.com/TX/Houston/6016-Sayers-St-77026/home/29584892,HARMLS,67303157,N,Y,29.8146583,-95.3314324
MLS Listing,,Condo/Co-op,361 N Post Oak Ln #341,Houston,TX,77024,199000,2,2.0,Post Oak Lane Condo,1134,304370,1970,16,175,629,Active,,,https://www.redfin.com/TX/Houston/361-N-Post-Oak-Ln-77024/unit-341/home/30389470,HARMLS,73903847,N,Y,29.7752101,-95.4579087
MLS Listing,,Single Family Residential,3801 Broyles St,Houston,TX,77026,199995,2,1.0,Organ,941,5000,1949,17,213,,Active,,,https://www.redfin.com/TX/Houston/3801-Broyles-St-77026/home/175826586,HARMLS,98013961,N,Y,29.7953279,-95.3279882
MLS Listing,,Condo/Co-op,2120 El Paseo St #2201,Houston,TX,77054,125000,1,1.0,One Montreal Condo Ph B,789,145109,1981,17,158,351,Active,,,https://www.redfin.com/TX/Houston/2120-El-Paseo-St-77054/unit-2201/home/30522944,HARMLS,78591644,N,Y,29.688708,-95.391986
MLS Listing,,Single Family Residential,5711 Ridgeway Dr,Houston,TX,77033,179900,3,1.0,Edgewood Sec 05,1240,7205,1958,17,145,,Active,,,https://www.redfin.com/TX/Houston/5711-Ridgeway-Dr-77033/home/30055075,HARMLS,36143203,N,Y,29.669261,-95.3365271
MLS Listing,,Condo/Co-op,2600 Bellefontaine St Unit C21,Houston,TX,77025,169900,2,2.0,Barclay Condo Ph 02,1860,127472,1964,17,91,1518,Active,,,https://www.redfin.com/TX/Houston/2600-Bellefontaine-St-77025/unit-C21/home/30396756,HARMLS,25895125,N,Y,29.7035364,-95.4198922
MLS Listing,,Single Family Residential,8517 Rubin St,Houston,TX,77051,220000,3,2.5,Ruberfield,1228,5000,1955,17,179,,Active,,,https://www.redfin.com/TX/Houston/8517-Rubin-St-77051/home/30030272,HARMLS,20571600,N,Y,29.6687635,-95.3601143
MLS Listing,,Condo/Co-op,8223 Kingsbrook Rd #115,Houston,TX,77024,219000,2,2.0,Bayou Bend T/h Condo,1052,372523,1964,17,208,558,Active,,,https://www.redfin.com/TX/Houston/8223-Kingsbrook-Rd-77024/unit-115/home/30423130,HARMLS,17378113,N,Y,29.780264,-95.486598
MLS Listing,,Single Family Residential,11618 Shoshone Rd,Houston,TX,77055,200000,3,1.0,Harwood Terrace Sec 02,2491,7800,1954,17,80,,Active,,,https://www.redfin.com/TX/Houston/11618-Shoshone-Rd-77055/home/30051484,HARMLS,75423307,N,Y,29.8160514,-95.4840268
MLS Listing,,Single Family Residential,11626 Shoshone Rd,Houston,TX,77055,225000,3,1.0,Harwood Terrace Sec 02,1248,6580,1954,17,180,,Active,,,https://www.redfin.com/TX/Houston/11626-Shoshone-Rd-77055/home/30051480,HARMLS,33913880,N,Y,29.8162158,-95.4844785
MLS Listing,,Condo/Co-op,2830 S Bartell Dr #311,Houston,TX,77054,105000,2,1.0,Hearthwood 02,780,71874,1983,17,135,320,Active,,,https://www.redfin.com/TX/Houston/2830-S-Bartell-Dr-77054/unit-311/home/30506536,HARMLS,38553251,N,Y,29.6812536,-95.4208334
MLS Listing,,Condo/Co-op,2400 N Braeswood Blvd #118,Houston,TX,77030,225000,2,2.5,Brentwood Condo,1782,324898,1977,17,126,937,Active,,,https://www.redfin.com/TX/Houston/2400-N-Braeswood-Blvd-77030/unit-118/home/30391949,HARMLS,62377113,N,Y,29.6986837,-95.4160868
MLS Listing,,Condo/Co-op,1011 Studemont St #307,Houston,TX,77007,220000,1,1.0,Studemont Condo,717,,2015,17,307,362,Active,,,https://www.redfin.com/TX/Houston/1011-Studemont-St-77007/unit-307/home/112828025,HARMLS,598843,N,Y,29.7695841,-95.391951
MLS Listing,,Condo/Co-op,8055 Cambridge St #50,Houston,TX,77054,150000,2,2.0,Cambridge Court Condo,975,,1984,17,154,512,Active,,,https://www.redfin.com/TX/Houston/8055-Cambridge-St-77054/unit-50/home/30561107,HARMLS,32961889,N,Y,29.6896964,-95.3930356
MLS Listing,,Condo/Co-op,3525 Sage Rd #902,Houston,TX,77056,173000,1,1.0,Sage Street Condo,794,,1985,17,218,563,Active,,,https://www.redfin.com/TX/Houston/3525-Sage-Rd-77056/unit-902/home/30605939,HARMLS,32422144,N,Y,29.729101,-95.466053
MLS Listing,,Condo/Co-op,7950 N Stadium Dr #217,Houston,TX,77030,149900,2,1.0,Briar Green Ph 02,972,173663,1980,18,154,424,Active,,,https://www.redfin.com/TX/Houston/7950-N-Stadium-Dr-77030/unit-217/home/30457884,HARMLS,70249485,N,Y,29.6945456,-95.4091314
MLS Listing,,Condo/Co-op,1100 Augusta Dr #10,Houston,TX,77057,128900,1,1.0,Woods On Augusta T/h Condo,828,132485,1976,18,156,331,Active,,,https://www.redfin.com/TX/Houston/1100-Augusta-Dr-77057/unit-10/home/30365236,HARMLS,42262184,N,Y,29.7560888,-95.4834749
MLS Listing,,Single Family Residential,9414 Bean St S,Houston,TX,77028,139500,2,1.0,Timmerman Place,1164,7000,1947,18,120,,Active,,,https://www.redfin.com/TX/Houston/9414-Bean-St-77028/home/30027802,HARMLS,86694971,N,Y,29.8492545,-95.2703824
MLS Listing,,Condo/Co-op,3614 Montrose Blvd #202,Houston,TX,77006,215000,1,1.0,Montrose,768,,1964,18,280,760,Active,,,https://www.redfin.com/TX/Houston/3614-Montrose-Blvd-77006/unit-202/home/30423566,HARMLS,50508698,N,Y,29.7398638,-95.3914912
MLS Listing,,Condo/Co-op,5050 Ambassador Way #118,Houston,TX,77056,160000,1,1.0,Ambassador At Post Oak Sec 01,876,66200,1967,19,183,765,Active,,,https://www.redfin.com/TX/Houston/5050-Ambassador-Way-77056/unit-118/home/30210258,HARMLS,58093513,N,Y,29.7470277,-95.4636262
MLS Listing,,Condo/Co-op,2101 Fountain View Dr #17,Houston,TX,77057,180000,3,2.0,Courtyards 03 Fountains,1200,331196,1968,19,150,563,Active,,,https://www.redfin.com/TX/Houston/2101-Fountain-View-Dr-77057/unit-17/home/30423723,HARMLS,34506396,N,Y,29.7452387,-95.4852854
MLS Listing,,Single Family Residential,7717 Bigwood St,Houston,TX,77016,219000,4,2.0,Scenic Woods,2443,7440,1960,19,90,,Active,,,https://www.redfin.com/TX/Houston/7717-Bigwood-St-77016/home/30083829,HARMLS,77797691,N,Y,29.8567287,-95.2886697
MLS Listing,,Condo/Co-op,2601 Bellefontaine St Unit C202,Houston,TX,77025,110000,1,1.0,Barclay Condo Ph 03,744,139327,1960,19,148,539,Active,,,https://www.redfin.com/TX/Houston/2601-Bellefontaine-St-77025/unit-C202/home/30424538,HARMLS,19062153,N,Y,29.702838,-95.4192205
MLS Listing,,Single Family Residential,827 Maroby St,Houston,TX,77017,190000,4,2.0,Oak Meadows Sec 01,1607,6600,1952,20,118,,Active,,,https://www.redfin.com/TX/Houston/827-Maroby-St-77017/home/30040253,HARMLS,79336958,N,Y,29.6947439,-95.2450842
MLS Listing,,Single Family Residential,4014 Farmer St,Houston,TX,77020,179999,3,1.5,Burke Ext Sec 03,2151,4500,1958,20,84,,Active,,,https://www.redfin.com/TX/Houston/4014-Farmer-St-77020/home/29815050,HARMLS,9543010,N,Y,29.7751475,-95.3300448
MLS Listing,,Single Family Residential,7717 Avenue K,Houston,TX,77012,150000,3,1.0,Magnolia Park,1158,2500,1930,20,130,,Active,,,https://www.redfin.com/TX/Houston/7717-Avenue-K-77012/home/29719697,HARMLS,6002171,N,Y,29.7380133,-95.2845783
MLS Listing,,Single Family Residential,3819 Ranch St,Houston,TX,77026,219500,4,2.0,Ralston,2332,4500,1953,20,94,,Active,,,https://www.redfin.com/TX/Houston/3819-Ranch-St-77026/home/29736709,HARMLS,69384276,N,Y,29.7857814,-95.3321254
MLS Listing,,Condo/Co-op,2025 Augusta Dr #407,Houston,TX,77057,125000,1,1.0,Quail Harbor Condo,797,131105,1981,20,157,214,Active,,,https://www.redfin.com/TX/Houston/2025-Augusta-Dr-77057/unit-407/home/30513174,HARMLS,43654447,N,Y,29.7449755,-95.4817544
MLS Listing,,Townhouse,3413 Hardie St,Houston,TX,77026,140000,2,1.0,Crane Street Woods Sec 05,1665,7500,1956,21,84,,Active,,,https://www.redfin.com/TX/Houston/3413-Hardie-St-77026/home/29974079,HARMLS,10408604,N,Y,29.805262,-95.3344112
MLS Listing,,Condo/Co-op,2626 Holly Hall St #1204,Houston,TX,77054,135000,2,2.0,Richmond Manor Condo Ph 02,880,89639,1985,21,153,408,Active,,,https://www.redfin.com/TX/Houston/2626-Holly-Hall-St-77054/unit-1204/home/30592315,HARMLS,31924375,N,Y,29.6844676,-95.3884338
MLS Listing,,Condo/Co-op,1330 Old Spanish Trl #6205,Houston,TX,77054,162500,1,1.0,City Plaza Condo,623,327577,1995,22,261,271,Active,,,https://www.redfin.com/TX/Houston/1330-Old-Spanish-Trl-77054/unit-6205/home/29207185,HARMLS,55389433,N,Y,29.6928043,-95.409786
MLS Listing,,Condo/Co-op,2300 Old Spanish Trl #2122,Houston,TX,77054,161900,1,1.0,Riverwalk Condo Ph 02,838,132181,1983,22,193,375,Active,,,https://www.redfin.com/TX/Houston/2300-Old-Spanish-Trl-77054/unit-2122/home/30574099,HARMLS,45684570,N,Y,29.6980783,-95.3895314
MLS Listing,,Condo/Co-op,7900 N Stadium Dr #20,Houston,TX,77030,124990,1,1.0,Briar Green Condo Ph 01,729,230940,1979,22,171,345,Active,,,https://www.redfin.com/TX/Houston/7900-N-Stadium-Dr-77030/unit-20/home/30458126,HARMLS,28868548,N,Y,29.6960567,-95.4091009
MLS Listing,,Condo/Co-op,2626 Holly Hall St #606,Houston,TX,77054,124000,2,1.0,Richmond Manor Condo Ph 01,841,104360,1984,23,147,380,Active,,,https://www.redfin.com/TX/Houston/2626-Holly-Hall-St-77054/unit-606/home/30592433,HARMLS,23691829,N,Y,29.6844676,-95.3884338
MLS Listing,,Single Family Residential,441 Hahlo St,Houston,TX,77020,140000,2,2.5,Denver,1288,6250,1941,23,109,,Active,,,https://www.redfin.com/TX/Houston/441-Hahlo-St-77020/home/29664121,HARMLS,77871126,N,Y,29.7804384,-95.3092541
MLS Listing,,Condo/Co-op,3944 W Alabama St #5,Houston,TX,77027,180000,2,2.0,Foresters Pond Condo,858,134147,1963,23,210,387,Active,,,https://www.redfin.com/TX/Houston/3944-W-Alabama-St-77027/unit-5/home/30399768,HARMLS,38222467,N,Y,29.7383757,-95.4444161
MLS Listing,,Single Family Residential,2513 13th St,Galena Park,TX,77547,199000,3,1.5,Galena Manor,1258,6042,1954,23,158,,Active,,,https://www.redfin.com/TX/Galena-Park/2513-13th-St-77547/home/30043267,HARMLS,88287605,N,Y,29.7420775,-95.2530785
MLS Listing,,Condo/Co-op,443 Post Oak Ln N,Houston,TX,77024,219000,2,2.5,Post Oak Lane Condos,1680,,1969,23,130,585,Active,,,https://www.redfin.com/TX/Houston/443-N-Post-Oak-Ln-77024/home/30318583,HARMLS,40806938,N,Y,29.776696,-95.4583959
MLS Listing,,Condo/Co-op,3224 Timmons Ln #135,Houston,TX,77027,149900,1,1.0,Summit Court Condo,600,,1967,23,250,280,Active,,,https://www.redfin.com/TX/Houston/3224-Timmons-Ln-77027/unit-135/home/30425368,HARMLS,61455768,N,Y,29.7352946,-95.4370131
MLS Listing,,Single Family Residential,9330 Laura Koppe Rd,Houston,TX,77078,159900,3,1.0,Chatwood Place Sec 05,1107,7200,1958,24,144,,Active,,,https://www.redfin.com/TX/Houston/9330-Laura-Koppe-Rd-77078/home/30113835,HARMLS,70165157,N,Y,29.8396668,-95.2484698
MLS Listing,,Single Family Residential,4610 Stassen St,Houston,TX,77051,189000,4,1.0,Sunnyside Courts,1326,5250,1950,24,143,,Active,,,https://www.redfin.com/TX/Houston/4610-Stassen-St-77051/home/29919145,HARMLS,56744612,N,Y,29.6699359,-95.3588931
MLS Listing,,Single Family Residential,9307 Oak Knoll Ln,Houston,TX,77078,95000,3,1.0,Chatwood Place Sec 06,988,8160,1960,24,96,,Active,,,https://www.redfin.com/TX/Houston/9307-Oak-Knoll-Ln-77078/home/30126785,HARMLS,84306612,N,Y,29.8392173,-95.2495713
MLS Listing,,Condo/Co-op,2475 Underwood St #385,Houston,TX,77030,130000,1,1.0,Brentwood Condominiums,860,324898,1977,24,151,416,Active,,,https://www.redfin.com/TX/Houston/2475-Underwood-St-77030/unit-385/home/30392679,HARMLS,2860873,N,Y,29.6994591,-95.416987
MLS Listing,,Single Family Residential,8411 Sultan Dr,Houston,TX,77078,159900,3,1.5,Chatwood Place Sec 06,1766,15119,1966,24,91,,Active,,,https://www.redfin.com/TX/Houston/8411-Sultan-Dr-77078/home/30126777,HARMLS,79857057,N,Y,29.8382349,-95.2538896
MLS Listing,,Single Family Residential,9203 Richland Dr,Houston,TX,77078,159900,3,1.5,Chatwood Place Sec 06,1060,10746,1965,24,151,,Active,,,https://www.redfin.com/TX/Houston/9203-Richland-Dr-77078/home/30127189,HARMLS,12094929,N,Y,29.8376963,-95.2537464
MLS Listing,,Condo/Co-op,6200 W Tidwell Rd #605,Houston,TX,77092,85000,3,2.0,Asbury Park Llc Condo,1373,440793,1974,24,62,395,Active,,,https://www.redfin.com/TX/Houston/6200-W-Tidwell-Rd-77092/unit-605/home/29636278,HARMLS,13424037,N,Y,29.8517286,-95.4823893
MLS Listing,,Single Family Residential,5414 Rapido Rd,Houston,TX,77033,215000,3,2.0,South Park,1251,5802,1955,24,172,,Active,,,https://www.redfin.com/TX/Houston/5414-Rapido-Rd-77033/home/30015536,HARMLS,22351224,N,Y,29.6823746,-95.3370483
MLS Listing,,Single Family Residential,4436 Bennington St,Houston,TX,77016,215000,2,1.0,Trinity Gardens,1306,16800,1940,24,165,,Active,,,https://www.redfin.com/TX/Houston/4436-Bennington-St-77016/home/29941019,HARMLS,32852769,N,Y,29.821851,-95.3243222
MLS Listing,,Condo/Co-op,3131 Cummins St #20,Houston,TX,77027,159000,2,1.0,Cummins Lane T/h Condo,812,81690,1969,24,196,619,Active,,,https://www.redfin.com/TX/Houston/3131-Cummins-St-77027/unit-20/home/30390255,HARMLS,83443341,N,Y,29.737124,-95.4380224
MLS Listing,,Single Family Residential,9221 Arvin St,Houston,TX,77028,205000,2,1.0,Dorchester Place,1298,14030,1957,25,158,,Active,,,https://www.redfin.com/TX/Houston/9221-Arvin-St-77028/home/30126756,HARMLS,59281886,N,Y,29.8471891,-95.2701783
MLS Listing,,Single Family Residential,1913 Elysian St,Houston,TX,77026,165000,0,,Cascara,1152,4512,1920,25,143,,Active,,,https://www.redfin.com/TX/Houston/1913-Elysian-St-77026/home/29655719,HARMLS,69318317,N,Y,29.7787606,-95.3507562
MLS Listing,,Townhouse,5809 Village Forest Ct,Houston,TX,77092,159900,3,2.5,Laguna T/h,1564,478113,1976,25,102,276,Active,,,https://www.redfin.com/TX/Houston/5809-Village-Forest-Ct-77092/home/30277009,HARMLS,12530506,N,Y,29.8488534,-95.4757672
MLS Listing,,Condo/Co-op,2120 El Paseo St #405,Houston,TX,77054,147500,2,1.0,One Montreal Condo Ph A,964,176099,1980,25,153,399,Active,,,https://www.redfin.com/TX/Houston/2120-El-Paseo-St-77054/unit-405/home/30522824,HARMLS,57068483,N,Y,29.688708,-95.391986
MLS Listing,,Condo/Co-op,5050 Ambassador Way #314,Houston,TX,77056,199000,1,1.0,Ambassador At Post Oak Sec 01,910,,1967,26,219,666,Active,,,https://www.redfin.com/TX/Houston/5050-Ambassador-Way-77056/unit-314/home/30210164,HARMLS,84125086,N,Y,29.7470277,-95.4636262
MLS Listing,,Single Family Residential,1115 Hahlo,Houston,TX,77020,220000,3,1.0,Denver Harbor,1094,6250,1948,26,201,,Active,,,https://www.redfin.com/TX/Houston/1115-Hahlo-St-77020/home/29662140,HARMLS,18322261,N,Y,29.7686194,-95.3092944
MLS Listing,,Single Family Residential,8934 Valley Side Dr,Houston,TX,77078,224995,5,3.0,Verde Forest Sec 02,1418,6600,1977,26,159,,Active,,,https://www.redfin.com/TX/Houston/8934-Valley-Side-Dr-77078/home/30268917,HARMLS,33719246,N,Y,29.8546751,-95.2360278
MLS Listing,,Single Family Residential,7319 Eisenhower Rd,Houston,TX,77033,205000,3,2.0,South Park Sec 01,1250,6056,1947,26,164,,Active,,,https://www.redfin.com/TX/Houston/7319-Eisenhower-Rd-77033/home/30014095,HARMLS,48600184,N,Y,29.67991,-95.3478626
MLS Listing,,Single Family Residential,4525 Kingsbury St,Houston,TX,77021,179000,2,1.0,Southern Village Sec 01,886,7473,1941,26,202,,Active,,,https://www.redfin.com/TX/Houston/4525-Kingsbury-St-77021/home/29969018,HARMLS,16994862,N,Y,29.6979228,-95.3474898
MLS Listing,,Single Family Residential,5618 Malmedy Rd,Houston,TX,77033,145000,2,1.0,South Park Sec 02,704,5830,1955,26,206,,Active,,,https://www.redfin.com/TX/Houston/5618-Malmedy-Rd-77033/home/30015619,HARMLS,8254268,N,Y,29.6862982,-95.334857
MLS Listing,,Single Family Residential,6723 Corpus Christi St,Houston,TX,77020,170000,3,1.0,Harbor Homesite,1080,5000,1948,26,157,,Active,,,https://www.redfin.com/TX/Houston/6723-Corpus-Christi-St-77020/home/29678666,HARMLS,57313997,N,Y,29.7824014,-95.3022869
MLS Listing,,Condo/Co-op,8055 Cambridge St #52,Houston,TX,77054,150000,2,2.0,Cambridge Court Condo,975,,1984,26,154,512,Active,,,https://www.redfin.com/TX/Houston/8055-Cambridge-St-77054/unit-52/home/30561082,HARMLS,18738578,N,Y,29.6896964,-95.3930356
MLS Listing,,Single Family Residential,5515 E Houston Rd,Houston,TX,77028,175000,3,1.0,East Houston,1238,8432,1948,27,141,,Active,,,https://www.redfin.com/TX/Houston/5515-E-Houston-Rd-77028/home/29666065,HARMLS,49229059,N,Y,29.8118917,-95.2700967
MLS Listing,,Single Family Residential,3424 Stonewall St,Houston,TX,77020,79000,2,1.0,Ludtke,876,3255,1930,27,90,,Active,,,https://www.redfin.com/TX/Houston/3424-Stonewall-St-77020/home/29711806,HARMLS,64580270,N,Y,29.7731561,-95.3346467
MLS Listing,,Single Family Residential,3933 Lynnfield St,Houston,TX,77016,98999,2,1.0,Lumber Lane Sec 02,672,5000,1956,27,147,,Active,,,https://www.redfin.com/TX/Houston/3933-Lynnfield-St-77016/home/30124704,HARMLS,47419443,N,Y,29.8209111,-95.3297557
MLS Listing,,Single Family Residential,4205 Citadel Ln,Houston,TX,77092,225000,3,1.0,Langwood Sec 01,1232,7259,1955,27,183,,Active,June-10-2023 02:00 PM,June-10-2023 05:00 PM,https://www.redfin.com/TX/Houston/4205-Citadel-Ln-77092/home/30062756,HARMLS,88242098,N,Y,29.8327302,-95.4928395
MLS Listing,,Townhouse,5800 Lumberdale Rd #106,Houston,TX,77092,159000,2,2.5,Forest Lake T/h & R/p,1680,1016,1976,27,95,375,Active,,,https://www.redfin.com/TX/Houston/5800-Lumberdale-Rd-77092/unit-106/home/30312687,HARMLS,9878370,N,Y,29.8516809,-95.4840611
MLS Listing,,Single Family Residential,7926 Hudson St,Houston,TX,77012,199995,3,2.0,Magnolia Park Sec 02,1200,5000,1940,28,167,27,Active,,,https://www.redfin.com/TX/Houston/7926-Hudson-St-77012/home/29721768,HARMLS,13838774,N,Y,29.7245183,-95.2849383
MLS Listing,,Condo/Co-op,2121 El Paseo St #1400,Houston,TX,77054,125000,2,1.0,Cambridge Court Condo Ph 02,804,221876,1984,29,155,409,Active,,,https://www.redfin.com/TX/Houston/2121-El-Paseo-St-77054/unit-1400/home/30577888,HARMLS,93124354,N,Y,29.6892451,-95.3909766
MLS Listing,,Single Family Residential,11026 La Crosse St,Houston,TX,77029,210000,3,1.0,Market Street Gardens Ext 02,1210,7402,1943,29,174,,Active,,,https://www.redfin.com/TX/Houston/11026-La-Crosse-St-77029/home/29990646,HARMLS,77836591,N,Y,29.7710984,-95.2341665
MLS Listing,,Condo/Co-op,2207 S Braeswood Blvd S Unit 41b,Houston,TX,77030,159000,2,2.0,Braeswood Condo,1177,,1981,29,135,371,Active,,,https://www.redfin.com/TX/Houston/2207-S-Braeswood-Blvd-77030/unit-41B/home/30535379,HARMLS,91983204,N,Y,29.6965611,-95.4106043
MLS Listing,,Townhouse,7958 Grove Ridge Dr,Houston,TX,77061,95000,2,1.5,Glenbrook T/h,1156,756,1972,29,82,303,Active,,,https://www.redfin.com/TX/Houston/7958-Grove-Ridge-Dr-77061/home/30270258,HARMLS,19465468,N,Y,29.6761223,-95.2855385
MLS Listing,,Single Family Residential,717 Defender St,Houston,TX,77029,150000,2,1.0,Clinton Park,912,8988,1945,30,164,,Active,,,https://www.redfin.com/TX/Houston/717-Defender-St-77029/home/29969579,HARMLS,36737936,N,Y,29.7386543,-95.2636689
MLS Listing,,Single Family Residential,5422 Doulton Drive Dr,Houston,TX,77033,135000,2,1.0,Smallwood Terrace,1167,6754,1946,30,116,,Active,,,https://www.redfin.com/TX/Houston/5422-Doulton-Dr-77033/home/30031310,HARMLS,76545301,N,Y,29.6720411,-95.3403427
MLS Listing,,Single Family Residential,5934 Southcrest St,Houston,TX,77033,135000,3,1.0,Southcrest Sec 01,1051,6572,1949,30,128,,Active,,,https://www.redfin.com/TX/Houston/5934-Southcrest-St-77033/home/30026146,HARMLS,90143415,N,Y,29.6881661,-95.3299019
MLS Listing,,Single Family Residential,7343 Krueger Rd,Houston,TX,77033,130000,3,1.0,South Park Sec 01,1014,6405,1950,30,128,,Active,,,https://www.redfin.com/TX/Houston/7343-Krueger-Rd-77033/home/30015074,HARMLS,67108725,N,Y,29.677498,-95.3431715
MLS Listing,,Single Family Residential,7004 Market St,Houston,TX,77020,160000,3,2.0,Liberty Heights Sec 03,1030,4500,1940,30,155,,Active,,,https://www.redfin.com/TX/Houston/7004-Market-St-77020/home/29823445,HARMLS,56530619,N,Y,29.7726444,-95.2998572
MLS Listing,,Single Family Residential,10234 Burman St,Jacinto City,TX,77029,199500,3,2.5,Industrial,1744,5460,1950,30,114,,Active,,,https://www.redfin.com/TX/Houston/10234-Burman-St-77029/home/29834970,HARMLS,45731391,N,Y,29.7642919,-95.2481853
MLS Listing,,Condo/Co-op,3131 Southwest Fwy #20,Houston,TX,77098,189900,2,1.0,Lemans T/h Condo,980,105808,1965,30,194,430,Active,,,https://www.redfin.com/TX/Houston/3131-Southwest-Fwy-77098/unit-20/home/30490566,HARMLS,52655966,N,Y,29.7292236,-95.4260714
MLS Listing,,Single Family Residential,5534 Craig St,Houston,TX,77023,175000,2,1.0,Kensington,852,5280,1948,30,205,,Active,,,https://www.redfin.com/TX/Houston/5534-Craig-St-77023/home/29707242,HARMLS,32832308,N,Y,29.7215812,-95.3204312
MLS Listing,,Condo/Co-op,5625 Antoine Dr #601,Houston,TX,77092,53000,1,1.0,Oakwood Gardens,725,,1972,31,73,465,Active,,,https://www.redfin.com/TX/Houston/5625-Antoine-Dr-77091/unit-601/home/29638043,HARMLS,46571579,N,Y,29.8482983,-95.47517
MLS Listing,,Single Family Residential,3015 Stonewall St,Houston,TX,77020,162000,2,2.0,Sydnor,720,1596,1920,31,225,,Active,,,https://www.redfin.com/TX/Houston/3015-Stonewall-St-77020/home/29758189,HARMLS,97533284,N,Y,29.7735058,-95.3388464
MLS Listing,,Single Family Residential,1606 W Donovan St,Houston,TX,77091,219999,3,2.0,Ella Park Terrace,2146,7860,1970,31,103,,Active,,,https://www.redfin.com/TX/Houston/1606-W-Donovan-St-77091/home/30207522,HARMLS,28779172,N,Y,29.8442539,-95.4380139
MLS Listing,,Condo/Co-op,2826 S Bartell Dr #310,Houston,TX,77054,90000,1,1.0,Hearthwood 02 Condo Ph 06,700,27460,1984,32,129,320,Active,,,https://www.redfin.com/TX/Houston/2826-S-Bartell-Dr-77054/unit-310/home/30507276,HARMLS,55238552,N,Y,29.6816761,-95.4205888
MLS Listing,,Single Family Residential,433 Calloway St,Houston,TX,77029,217500,3,2.0,Fidelity,1365,5000,1942,32,159,,Active,,,https://www.redfin.com/TX/Houston/433-Calloway-St-77029/home/29671932,HARMLS,916278,N,Y,29.7432199,-95.2541345
MLS Listing,,Condo/Co-op,1330 Old Spanish Trl #1211,Houston,TX,77054,185000,1,1.0,City Plaza Condo,790,327577,1995,32,234,353,Active,,,https://www.redfin.com/TX/Houston/1330-Old-Spanish-Trl-77054/unit-1211/home/29207379,HARMLS,10626145,N,Y,29.6928043,-95.409786
MLS Listing,,Condo/Co-op,2750 Holly Hall St #1111,Houston,TX,77054,142900,2,2.0,Briarwick Condo Ph 02,952,70079,1984,32,150,352,Active,,,https://www.redfin.com/TX/Houston/2750-Holly-Hall-St-77054/unit-1111/home/30573350,HARMLS,60000046,N,Y,29.6847162,-95.3852112
MLS Listing,,Single Family Residential,9429 Heatherside St,Houston,TX,77016,198900,1,0.5,North Shadydale Annex,480,15172,1968,32,414,,Active,,,https://www.redfin.com/TX/Houston/9429-Heatherside-St-77016/home/176743530,HARMLS,85132228,N,Y,29.847979,-95.315127
MLS Listing,,Condo/Co-op,5625 Antoine Dr #807,Houston,TX,77091,65000,2,2.0,Oakwood Gardens Condo,1025,398376,1972,32,63,488,Active,,,https://www.redfin.com/TX/Houston/5625-Antoine-Dr-77091/unit-807/home/29638016,HARMLS,56269423,N,Y,29.8482983,-95.47517
MLS Listing,,Single Family Residential,5107 Firnat St,Houston,TX,77016,102900,2,1.0,Buckingham Place Sec 01,1090,6338,1930,32,94,,Active,,,https://www.redfin.com/TX/Houston/5107-Firnat-St-77016/home/29997604,HARMLS,17940519,N,Y,29.8450836,-95.3170575
MLS Listing,,Single Family Residential,7927 Shotwell St,Houston,TX,77016,135000,2,1.0,Triangle Gardens,625,7440,1940,32,216,,Active,,,https://www.redfin.com/TX/Houston/7927-Shotwell-St-77016/home/29980027,HARMLS,68935813,N,Y,29.8330687,-95.3132932
MLS Listing,,Single Family Residential,1404 Moody St,Houston,TX,77009,205000,3,1.0,Ryon,996,6250,1946,32,206,,Active,,,https://www.redfin.com/TX/Houston/1404-Moody-St-77009/home/29741542,HARMLS,75357731,N,Y,29.8040657,-95.3539468
MLS Listing,,Condo/Co-op,5625 Antoine Dr #1402,Houston,TX,77091,48000,2,2.0,Oakwood Gardens Condo,1134,398376,1972,32,42,380,Active,,,https://www.redfin.com/TX/Houston/5625-Antoine-Dr-77091/unit-1402/home/29637962,HARMLS,67408522,N,Y,29.8482983,-95.47517
MLS Listing,,Single Family Residential,5002 Kenilwood Dr,Houston,TX,77033,190000,3,1.5,Smallwood Terrace,1326,6600,1955,32,143,,Active,,,https://www.redfin.com/TX/Houston/5002-Kenilwood-Dr-77033/home/30031377,HARMLS,79558310,N,Y,29.6733708,-95.3475715
MLS Listing,,Townhouse,9527 E Avenue K,Houston,TX,77012,105000,3,1.0,Manchester Add,840,5000,1950,33,125,,Active,,,https://www.redfin.com/TX/Houston/9527-E-Avenue-K-77012/home/29821595,HARMLS,35600518,N,Y,29.7174814,-95.2568849
MLS Listing,,Single Family Residential,3028 Francis St,Houston,TX,77004,189900,2,1.0,Stevens Homestead,760,2143,1960,33,250,,Active,,,https://www.redfin.com/TX/Houston/3028-Francis-St-77004/home/29150210,HARMLS,43870206,N,Y,29.7299524,-95.3594369
MLS Listing,,Single Family Residential,5727 Kenilwood Dr,Houston,TX,77033,215000,4,2.0,Edgewood,1483,8241,1940,33,145,,Active,,,https://www.redfin.com/TX/Houston/5727-Kenilwood-Dr-77033/home/30054482,HARMLS,67552271,N,Y,29.6707285,-95.3358435
MLS Listing,,Single Family Residential,5947 Glenhurst Dr,Houston,TX,77033,145000,3,1.0,Edgewood,888,8959,1965,33,163,,Active,,,https://www.redfin.com/TX/Houston/5947-Glenhurst-Dr-77033/home/30054681,HARMLS,66800437,N,Y,29.6713307,-95.329953
MLS Listing,,Condo/Co-op,5005 Georgi Ln #15,Houston,TX,77092,157200,2,2.0,Covered Bridge Condo Ph 01,1298,294266,1974,33,121,368,Active,,,https://www.redfin.com/TX/Houston/5005-Georgi-Ln-77092/unit-15/home/30299554,HARMLS,51056127,N,Y,29.8284136,-95.464143
MLS Listing,,Townhouse,5801 Lumberdale Rd #78,Houston,TX,77092,165900,2,2.5,Forest Lake T/h & R/p,1558,1159,1976,33,106,375,Active,,,https://www.redfin.com/TX/Houston/5801-Lumberdale-Rd-77092/unit-0078/home/30312721,HARMLS,79975218,N,Y,29.8516085,-95.4851979
MLS Listing,,Townhouse,5625 Antoine Dr #1615,Houston,TX,77091,62000,2,1.5,Oakwood Gardens Condo,1052,398376,1972,34,59,465,Active,,,https://www.redfin.com/TX/Houston/5625-Antoine-Dr-77091/unit-1615/home/29637935,HARMLS,3067234,N,Y,29.8482983,-95.47517
MLS Listing,,Single Family Residential,7413 Carothers St,Houston,TX,77028,209000,3,2.0,Rosedale Gardens Sec 04,1201,10125,1955,34,174,,Active,,,https://www.redfin.com/TX/Houston/7413-Carothers-St-77028/home/29959242,HARMLS,6350676,N,Y,29.8341992,-95.2952022
MLS Listing,,Single Family Residential,3111 Russell St,Houston,TX,77026,100000,2,1.0,Comfort Place,1128,5000,1960,34,89,,Active,,,https://www.redfin.com/TX/Houston/3111-Russell-St-77026/home/29841241,HARMLS,10083669,N,Y,29.7893667,-95.3312776
MLS Listing,,Condo/Co-op,513 S Post Oak Ln #5106,Houston,TX,77056,130000,2,1.0,Post Oak Timber Condo,1140,23477,1952,34,114,350,Active,,,https://www.redfin.com/TX/Houston/513-S-Post-Oak-Ln-77056/unit-5106/home/30350732,HARMLS,72258114,N,Y,29.7637605,-95.4631397
MLS Listing,,Single Family Residential,4438 Wylie St,Houston,TX,77026,185000,3,1.0,Grant Park,1140,4472,1960,34,162,,Active,,,https://www.redfin.com/TX/Houston/4438-Wylie-St-77026/home/29773726,HARMLS,26483075,N,Y,29.7879088,-95.3250404
MLS Listing,,Condo/Co-op,2830 S Bartell Dr Unit C-23,Houston,TX,77054,49999,1,1.0,Hearthwood 02 Condo Ph 05,700,71874,1983,34,71,350,Active,,,https://www.redfin.com/TX/Houston/2830-S-Bartell-Dr-77054/unit-C-23/home/185281472,HARMLS,32488614,N,Y,29.6812536,-95.4208334
MLS Listing,,Single Family Residential,4918 Lee St,Houston,TX,77020,125000,2,1.0,Gagne Homestead Add,720,1825,1940,34,174,,Active,,,https://www.redfin.com/TX/Houston/4918-Lee-St-77020/home/30696620,HARMLS,49667232,N,Y,29.7816545,-95.3203597
MLS Listing,,Single Family Residential,4910 Lee St,Houston,TX,77020,125000,2,1.0,Gagne Homestead Add,720,2500,1940,34,174,,Active,,,https://www.redfin.com/TX/Houston/4910-Lee-St-77020/home/30696623,HARMLS,91834141,N,Y,29.7816414,-95.3206865
MLS Listing,,Single Family Residential,4920 Lee St,Houston,TX,77020,125000,2,1.0,Gagne Homestead Add,720,1825,1940,34,174,,Active,,,https://www.redfin.com/TX/Houston/4920-Lee-St-77020/home/30696621,HARMLS,34929511,N,Y,29.7816461,-95.3202882
MLS Listing,,Single Family Residential,4914 Lee St,Houston,TX,77020,125000,2,1.0,Gagne Homestead Add,720,2500,1940,34,174,,Active,,,https://www.redfin.com/TX/Houston/4914-Lee-St-77020/home/30696625,HARMLS,87040411,N,Y,29.781648,-95.3205231
MLS Listing,,Single Family Residential,2311 Gagne St,Houston,TX,77020,125000,2,1.0,Gagne Homestead Add,720,1350,1940,34,174,,Active,,,https://www.redfin.com/TX/Houston/2311-Gagne-St-77020/home/30696622,HARMLS,25266404,N,Y,29.7815176,-95.3204005
MLS Listing,,Single Family Residential,4912 Lee St,Houston,TX,77020,125000,2,1.0,Gagne Homestead,720,2500,1940,34,174,,Active,,,https://www.redfin.com/TX/Houston/4912-Lee-St-77020/home/30696624,HARMLS,24355654,N,Y,29.7816447,-95.3206048
MLS Listing,,Single Family Residential,4906 Lee St,Houston,TX,77020,125000,2,1.0,Gagne Homestead Add,720,2500,1940,34,174,,Active,,,https://www.redfin.com/TX/Houston/4906-Lee-St-77020/home/30696669,HARMLS,81745020,N,Y,29.7816349,-95.3208499
MLS Listing,,Single Family Residential,4902 Lee St,Houston,TX,77020,125000,2,1.0,Gagne Homestead Add,720,1630,1940,34,174,,Active,,,https://www.redfin.com/TX/Houston/4902-Lee-St-77020/home/30696672,HARMLS,69683909,N,Y,29.7816283,-95.3210133
MLS Listing,,Single Family Residential,4908 Lee St,Houston,TX,77020,125000,2,1.0,Gagne Homestead Add,720,2500,1940,34,174,,Active,,,https://www.redfin.com/TX/Houston/4908-Lee-St-77020/home/30696668,HARMLS,81136993,N,Y,29.7816381,-95.3207682
MLS Listing,,Single Family Residential,4904 Lee St,Houston,TX,77020,125000,2,1.0,Gagne Homestead Add,720,1600,1940,34,174,,Active,,,https://www.redfin.com/TX/Houston/4904-Lee-St-77020/home/30696671,HARMLS,86021214,N,Y,29.7816316,-95.3209316
MLS Listing,,Single Family Residential,1205 Eubanks St,Houston,TX,77022,219000,3,1.0,Danna,1346,7208,1956,34,163,,Active,,,https://www.redfin.com/TX/Houston/1205-Eubanks-St-77022/home/30050816,HARMLS,91845071,N,Y,29.8331132,-95.3569311
MLS Listing,,Condo/Co-op,1400 Hermann Dr Unit 5D,Houston,TX,77004,179600,1,1.0,Hermann Condo,933,,1957,34,192,1212,Active,,,https://www.redfin.com/TX/Houston/1400-Hermann-Dr-77004/unit-5D/home/30372274,HARMLS,80300824,N,Y,29.7224448,-95.3868057
MLS Listing,,Condo/Co-op,513 S Post Oak Ln #5107,Houston,TX,77056,130000,2,1.0,Post Oak Timber Condo,1140,,1952,35,114,350,Active,,,https://www.redfin.com/TX/Houston/513-S-Post-Oak-Ln-77056/unit-5107/home/30350731,HARMLS,67696762,N,Y,29.7637605,-95.4631397
MLS Listing,,Single Family Residential,7990 Boy St,Houston,TX,77028,214990,3,2.0,Liberty Road Manor Sec 19 U/r,1090,4200,2023,35,197,,Active,,,https://www.redfin.com/TX/Houston/7990-Boy-St-77028/home/29733841,HARMLS,83282793,N,Y,29.818341,-95.281468
MLS Listing,,Condo/Co-op,8100 Cambridge St #31,Houston,TX,77054,160000,1,1.0,Cambridge Glen Condos,1140,89396,1980,36,140,345,Active,,,https://www.redfin.com/TX/Houston/8100-Cambridge-St-77054/unit-31/home/30448523,HARMLS,48904729,N,Y,29.6877589,-95.394436
MLS Listing,,Single Family Residential,8241 Glenview Dr,Houston,TX,77017,214900,2,1.0,Meadowbrook Sec A,1459,7500,1940,36,147,,Active,,,https://www.redfin.com/TX/Houston/8241-Glenview-Dr-77017/home/29866043,HARMLS,50312122,N,Y,29.6838488,-95.2625764
MLS Listing,,Condo/Co-op,7575 Cambridge St #1601,Houston,TX,77054,179000,1,1.5,Fontainebleau Condo Ph 01,1192,185411,1982,36,150,389,Active,,,https://www.redfin.com/TX/Houston/7575-Cambridge-St-77054/unit-1601/home/30546771,HARMLS,57118846,N,Y,29.6945318,-95.3920124
MLS Listing,,Single Family Residential,6034 Lyndhurst Dr,Houston,TX,77033,175000,3,1.0,Edgewood Sec 06,1430,7973,1950,37,122,,Active,,,https://www.redfin.com/TX/Houston/6034-Lyndhurst-Dr-77033/home/30054902,HARMLS,21829691,N,Y,29.6672128,-95.3267325
MLS Listing,,Single Family Residential,716 Tassell St,Houston,TX,77076,195000,3,1.0,Mc Farland Tidwell,1176,8625,1945,37,166,,Active,,,https://www.redfin.com/TX/Houston/716-Tassell-St-77076/home/30024474,HARMLS,86919382,N,Y,29.8460987,-95.388097
MLS Listing,,Single Family Residential,4911 Jewel St,Houston,TX,77026,200000,5,4.0,Ballard Gardens,1776,5000,1932,37,113,,Active,,,https://www.redfin.com/TX/Houston/4911-Jewel-St-77026/home/29778903,HARMLS,36205851,N,Y,29.7905654,-95.320809
MLS Listing,,Single Family Residential,3905 Amoor St,Houston,TX,77029,185000,3,2.0,Groveland Terrace,1568,7500,1950,37,118,,Active,,,https://www.redfin.com/TX/Houston/3905-Amoor-St-77029/home/29978037,HARMLS,57603443,N,Y,29.7970683,-95.2777292
MLS Listing,,Single Family Residential,1434 Ogilvie St,Houston,TX,77017,220000,3,1.0,Oak Meadows Sec 01,1696,6270,1955,37,130,,Active,,,https://www.redfin.com/TX/Houston/1434-Ogilvie-St-77017/home/30040340,HARMLS,7532404,N,Y,29.6910855,-95.2498161
MLS Listing,,Single Family Residential,1202 Gregg St,Houston,TX,77020,150000,2,1.0,Long J C,888,2727,1930,38,169,,Active,,,https://www.redfin.com/TX/Houston/1202-Gregg-St-77020/home/29576465,HARMLS,89695224,N,Y,29.7719426,-95.3355508
MLS Listing,,Single Family Residential,6802 Bunche Dr,Houston,TX,77091,180000,3,1.0,Carver Estates,1113,4750,1950,38,162,,Active,,,https://www.redfin.com/TX/Houston/6802-Bunche-Dr-77091/home/30053217,HARMLS,69056155,N,Y,29.8617103,-95.4436508
MLS Listing,,Single Family Residential,435 Mascot St,Houston,TX,77029,210000,4,2.0,Fidelity,1504,5000,1945,38,140,,Active,,,https://www.redfin.com/TX/Houston/435-Mascot-St-77029/home/29670726,HARMLS,51994834,N,Y,29.7329089,-95.2537392
MLS Listing,,Condo/Co-op,5625 Antoine Dr #1002,Houston,TX,77091,104500,3,2.0,Oakwood Gardens Condo,1362,398376,1972,38,77,465,Active,,,https://www.redfin.com/TX/Houston/5625-Antoine-Dr-77091/unit-1002/home/29638039,HARMLS,30295861,N,Y,29.8482983,-95.47517
MLS Listing,,Condo/Co-op,5625 Antoine Dr #806,Houston,TX,77091,105900,3,2.0,Oakwood Gardens Condo,1362,398376,1972,38,78,465,Active,,,https://www.redfin.com/TX/Houston/5625-Antoine-Dr-77091/unit-806/home/29638017,HARMLS,10464453,N,Y,29.8482983,-95.47517
MLS Listing,,Condo/Co-op,5625 Antoine Dr #805,Houston,TX,77091,104500,3,2.0,Oakwood Gardens Condo,1362,398376,1972,38,77,465,Active,,,https://www.redfin.com/TX/Houston/5625-Antoine-Dr-77091/unit-805/home/29638014,HARMLS,61478683,N,Y,29.8482983,-95.47517
MLS Listing,,Townhouse,6200 W Tidwell Road Unit 1109,Houston,TX,77092,80000,2,1.5,Asbury Park Condo,1134,,1974,39,71,395,Active,,,https://www.redfin.com/TX/Houston/6200-W-Tidwell-Rd-77092/unit-1109/home/29637742,HARMLS,82145935,N,Y,29.8517286,-95.4823893
MLS Listing,,Condo/Co-op,353 N Post Oak Ln #828,Houston,TX,77024,187900,2,2.0,Post Oak Lane,1134,,1970,39,166,661,Active,,,https://www.redfin.com/TX/Houston/353-N-Post-Oak-Ln-77024/unit-828/home/30389577,HARMLS,66063983,N,Y,29.7740129,-95.4583794
MLS Listing,,Condo/Co-op,5050 Ambassador Way #205,Houston,TX,77056,173000,1,1.0,Ambassador At Post Oak Sec 01,876,66200,1967,39,197,766,Active,,,https://www.redfin.com/TX/Houston/5050-Ambassador-Way-77056/unit-205/home/30210154,HARMLS,79302987,N,Y,29.7470277,-95.4636262
MLS Listing,,Condo/Co-op,2121 El Paseo St #1801,Houston,TX,77054,130000,2,1.0,Cambridge Court Condo Ph 02,804,221876,1984,39,162,409,Active,,,https://www.redfin.com/TX/Houston/2121-El-Paseo-St-77054/unit-1801/home/30578061,HARMLS,45415083,N,Y,29.6892451,-95.3909766
MLS Listing,,Condo/Co-op,2121 Fountain View Dr #58,Houston,TX,77057,159900,2,2.0,Courtyards/3 Fountains,1260,331196,1968,39,127,563,Active,,,https://www.redfin.com/TX/Houston/2121-Fountain-View-Dr-77057/unit-58/home/30423828,HARMLS,32401515,N,Y,29.7448056,-95.4847731
MLS Listing,,Single Family Residential,917 Defender St,Houston,TX,77029,185990,3,2.0,Clinton Park,1702,7700,1941,40,109,,Active,,,https://www.redfin.com/TX/Houston/917-Defender-St-77029/home/29970177,HARMLS,74028092,N,Y,29.7408053,-95.2637404
MLS Listing,,Condo/Co-op,2333 Bering Dr #234,Houston,TX,77057,159900,2,1.0,Park Regency Condo,957,77144,1983,40,167,318,Active,,,https://www.redfin.com/TX/Houston/2333-Bering-Dr-77057/unit-234/home/30541578,HARMLS,67206249,N,Y,29.7439819,-95.4778357
MLS Listing,,Condo/Co-op,8225 Kingsbrook Rd #119,Houston,TX,77024,134000,1,1.0,Bayou Bend T/h Condo,800,372523,1964,41,168,445,Active,,,https://www.redfin.com/TX/Houston/8225-Kingsbrook-Rd-77024/unit-119/home/30423123,HARMLS,4449789,N,Y,29.7798415,-95.4853797
MLS Listing,,Single Family Residential,1213 Capron St,Houston,TX,77020,80000,0,1.0,Baumbartner U/r Abst,684,2020,1930,41,117,,Active,,,https://www.redfin.com/TX/Houston/1213-Capron-St-77020/home/29787949,HARMLS,20644076,N,Y,29.7721758,-95.3331696
MLS Listing,,Single Family Residential,6405 Conley St,Houston,TX,77021,199900,3,2.0,Belmont Sec 02,1319,4500,1940,41,152,,Active,,,https://www.redfin.com/TX/Houston/6405-Conley-St-77021/home/29855481,HARMLS,7618706,N,Y,29.6957785,-95.3559092
MLS Listing,,Single Family Residential,210 Owens St,Houston,TX,77029,85000,2,1.0,Clinton Park,1120,6361,1940,41,76,,Active,,,https://www.redfin.com/TX/Houston/210-Owens-St-77029/home/29970459,HARMLS,85422909,N,Y,29.7404361,-95.2602615
MLS Listing,,Condo/Co-op,661 Bering Dr #406,Houston,TX,77057,159900,1,1.0,Tanglewood,,,1980,42,,726,Active,,,https://www.redfin.com/TX/Houston/661-Bering-Dr-77057/unit-406/home/30503170,HARMLS,838368,N,Y,29.7619141,-95.4792
MLS Listing,,Single Family Residential,10638 Fairfax St,Houston,TX,77029,174900,3,1.5,Industrial,1039,5775,1960,42,168,,Active,,,https://www.redfin.com/TX/Houston/10638-Fairfax-St-77029/home/29837486,HARMLS,28301079,N,Y,29.7607,-95.2402518
MLS Listing,,Condo/Co-op,728 Bering Dr #7,Houston,TX,77057,148000,1,1.0,Beringwood Condo,788,261944,1978,43,188,278,Active,,,https://www.redfin.com/TX/Houston/728-Bering-Dr-77057/unit-7/home/30425119,HARMLS,17989409,N,Y,29.7589369,-95.480034
MLS Listing,,Single Family Residential,3226 Drew St,Houston,TX,77004,199900,2,1.0,Wilson Wm A,834,5000,1938,44,240,,Active,,,https://www.redfin.com/TX/Houston/3226-Drew-St-77004/home/29764589,HARMLS,20500155,N,Y,29.7328333,-95.3545407
MLS Listing,,Single Family Residential,6813 Bethune St,Houston,TX,77091,193907,3,2.0,Carver Estates,1175,5000,2022,44,165,,Active,,,https://www.redfin.com/TX/Houston/6813-Bethune-Dr-77091/home/185192165,HARMLS,64015157,N,Y,29.862086,-95.4432824
MLS Listing,,Single Family Residential,8310 Woodward St,Houston,TX,77051,135000,3,1.0,Sunnyside Place,1148,5000,1969,44,118,,Active,,,https://www.redfin.com/TX/Houston/8310-Woodward-St-77051/home/29811620,HARMLS,93110317,N,Y,29.6714584,-95.3738449
MLS Listing,,Condo/Co-op,6200 W Tidwell Rd #203,Houston,TX,77092,97000,3,2.0,Asbury Park Condos,1274,440793,1974,44,76,395,Active,,,https://www.redfin.com/TX/Houston/6200-W-Tidwell-Rd-77092/unit-203/home/29636351,HARMLS,7582555,N,Y,29.8517286,-95.4823893
MLS Listing,,Condo/Co-op,2816 S Bartell Dr Unit B6,Houston,TX,77054,58000,1,1.0,Hearthwood Condo 2,700,112064,1982,44,83,263,Active,,,https://www.redfin.com/TX/Houston/2816-S-Bartell-Dr-77054/unit-B6/home/185191839,HARMLS,2061517,N,Y,29.6807222,-95.4205879
MLS Listing,,Single Family Residential,6912 Bacher St,Houston,TX,77028,204000,3,2.0,Eastland Acres,1104,6042,1940,44,185,,Active,,,https://www.redfin.com/TX/Houston/6912-Bacher-St-77028/home/29970244,HARMLS,43073932,N,Y,29.8264458,-95.277117
MLS Listing,,Single Family Residential,4415 Hershe St,Houston,TX,77020,190000,2,1.0,Burke Sec 02,740,2344,1940,44,257,,Active,,,https://www.redfin.com/TX/Houston/4415-Hershe-St-77020/home/29815088,HARMLS,17100865,N,Y,29.7778018,-95.325289
MLS Listing,,Condo/Co-op,705 Main St #703,Houston,TX,77002,199900,1,1.0,St Germain,784,,1921,44,255,512,Active,,,https://www.redfin.com/TX/Houston/705-Main-St-77002/unit-703/home/29396090,HARMLS,76658248,N,Y,29.7715175,-95.3594936
MLS Listing,,Condo/Co-op,5050 Ambassador Way #318,Houston,TX,77056,155000,1,1.0,Ambassador At Post Oak Sec 01,876,66200,1967,44,177,766,Active,,,https://www.redfin.com/TX/Houston/5050-Ambassador-Way-77056/unit-318/home/30210168,HARMLS,97277135,N,Y,29.7470277,-95.4636262
MLS Listing,,Single Family Residential,7446 Laura Koppe Rd,Houston,TX,77028,161500,3,1.5,Rosewood Estates Sec 02,1644,8925,1965,44,98,,Active,,,https://www.redfin.com/TX/Houston/7446-Laura-Koppe-Rd-77028/home/29996534,HARMLS,93175596,N,Y,29.8401439,-95.2942223
MLS Listing,,Single Family Residential,8706 Valley Meadow Dr,Houston,TX,77078,205900,3,2.0,Parkwood East Sec 01 R/p,1248,5500,1983,45,165,,Active,,,https://www.redfin.com/TX/Houston/8706-Valley-Meadow-Dr-77078/home/30349485,HARMLS,61099801,N,Y,29.8496394,-95.2334174
MLS Listing,,Single Family Residential,5421 Chennault Rd,Houston,TX,77033,210000,3,2.0,South Park Sec 02,1466,5692,1955,45,143,,Active,,,https://www.redfin.com/TX/Houston/5421-Chennault-Rd-77033/home/30015483,HARMLS,17866547,N,Y,29.6835849,-95.3372234
MLS Listing,,Single Family Residential,3827 Beaver Dr,Houston,TX,77029,150000,3,1.0,Groveland Terrace,1620,7200,1947,46,93,,Active,,,https://www.redfin.com/TX/Houston/3827-Beaver-Dr-77029/home/29978195,HARMLS,87048039,N,Y,29.7970936,-95.2748312
MLS Listing,,Single Family Residential,2139 Counter Point Dr,Houston,TX,77055,200000,3,3.5,Long Point Oaks,2007,8960,1955,46,100,,Active,,,https://www.redfin.com/TX/Houston/2139-Counter-Point-Dr-77055/home/30099725,HARMLS,69351850,N,Y,29.8103844,-95.4797088
MLS Listing,,Single Family Residential,1915 Elysian St,Houston,TX,77026,220000,4,1.0,Cascara Add,1064,4700,1925,46,207,,Active,,,https://www.redfin.com/TX/Houston/1915-Elysian-St-77026/home/29655720,HARMLS,48113520,N,Y,29.7789078,-95.3507767
MLS Listing,,Single Family Residential,7005 Kassarine Pass,Houston,TX,77033,177000,3,1.0,South Park Sec 02,956,5937,1955,46,185,,Active,,,https://www.redfin.com/TX/Houston/7005-Kassarine-Pass-77033/home/30015579,HARMLS,82970528,N,Y,29.6814694,-95.3358435
MLS Listing,,Condo/Co-op,2011 Spenwick Dr #713,Houston,TX,77055,149000,1,1.5,Spring Point 02 Condo Ph 04,896,19805,1984,46,166,350,Active,,,https://www.redfin.com/TX/Houston/2011-Spenwick-Dr-77055/unit-713/home/30547202,HARMLS,7775253,N,Y,29.8073908,-95.4904969
MLS Listing,,Townhouse,1318 Bayou St,Houston,TX,77020,220000,3,2.5,Sydnor Add,1808,5000,1920,47,122,,Active,,,https://www.redfin.com/TX/Houston/1318-Bayou-St-77020/home/29758173,HARMLS,67031972,N,Y,29.7732214,-95.3373279
MLS Listing,,Single Family Residential,6034 Willow Glen Dr,Houston,TX,77033,194444,3,1.0,Edgewood,1250,6875,1950,47,156,,Active,,,https://www.redfin.com/TX/Houston/6034-Willow-Glen-Dr-77033/home/30054962,HARMLS,13247009,N,Y,29.6687903,-95.3268898
MLS Listing,,Single Family Residential,6506 N Wayside Dr,Houston,TX,77028,190000,3,1.0,Reba Sec 02,1422,7802,1940,47,134,,Active,,,https://www.redfin.com/TX/Houston/6506-N-Wayside-Dr-77028/home/29956843,HARMLS,3844192,N,Y,29.8221022,-95.2840984
MLS Listing,,Single Family Residential,6329 W Montgomery Rd,Houston,TX,77091,212500,2,2.0,Highland Heights Annex,1100,10000,1997,47,193,,Active,,,https://www.redfin.com/TX/Houston/6329-W-Montgomery-Rd-77091/home/29883317,HARMLS,37164570,N,Y,29.8547301,-95.4182759
MLS Listing,,Condo/Co-op,2001 Bering Dr Unit 4M,Houston,TX,77057,200000,2,2.0,Bering Drive Condo,1175,173602,1977,48,170,497,Active,,,https://www.redfin.com/TX/Houston/2001-Bering-Dr-77057/unit-4M/home/30466487,HARMLS,26337735,N,Y,29.7448703,-95.4780163
MLS Listing,,Single Family Residential,7426 W Knoll St,Houston,TX,77028,125000,2,1.0,Rosewood Estates 2,1000,8520,1955,49,125,,Active,,,https://www.redfin.com/TX/Houston/7426-W-Knoll-St-77028/home/29995682,HARMLS,14465400,N,Y,29.8346984,-95.2951206
MLS Listing,,Single Family Residential,7017 Jay St,Houston,TX,77028,179900,2,1.0,Wesley Place,1065,11245,1955,49,169,,Active,,,https://www.redfin.com/TX/Houston/7017-Jay-St-77028/home/30038828,HARMLS,84421193,N,Y,29.8206156,-95.3045533
MLS Listing,,Single Family Residential,2810 Newhoff St,Houston,TX,77026,220000,2,2.0,Ward Place,980,4020,1938,49,224,,Active,,,https://www.redfin.com/TX/Houston/2810-Newhoff-St-77026/home/29673487,HARMLS,49156035,N,Y,29.7853144,-95.3414824
MLS Listing,,Townhouse,3228 Holly Hall St,Houston,TX,77054,212000,2,2.5,Holly Hall T/h Condo,1600,677039,1984,49,133,645,Active,,,https://www.redfin.com/TX/Houston/3228-Holly-Hall-St-77054/home/30588206,HARMLS,26928411,N,Y,29.686549,-95.3813022
MLS Listing,,Condo/Co-op,5625 Antoine Dr #1314,Houston,TX,77091,62000,2,2.0,Oakwood Gardens Condo,1027,398376,1972,50,60,465,Active,,,https://www.redfin.com/TX/Houston/5625-Antoine-Dr-77091/unit-1314/home/29637956,HARMLS,75597756,N,Y,29.8482983,-95.47517
MLS Listing,,Condo/Co-op,2125 Augusta Dr #21,Houston,TX,77057,134900,1,1.0,Little Thicket Condo,830,130322,1978,50,163,312,Active,,,https://www.redfin.com/TX/Houston/2125-Augusta-Dr-77057/unit-21/home/30449155,HARMLS,3664022,N,Y,29.7438166,-95.4820325
MLS Listing,,Condo/Co-op,2700 Bellefontaine St Unit B34,Houston,TX,77025,157000,3,2.0,Barclay Condo Residences,1718,79674,1964,51,91,1290,Active,,,https://www.redfin.com/TX/Houston/2700-Bellefontaine-St-77025/unit-B34/home/30396572,HARMLS,42815482,N,Y,29.7031788,-95.4209152
MLS Listing,,Single Family Residential,6403 Gainesville St,Houston,TX,77020,214700,2,1.0,Harbor Homesite,960,5000,1950,51,224,,Active,,,https://www.redfin.com/TX/Houston/6403-Gainesville-St-77020/home/29677833,HARMLS,19502226,N,Y,29.7858299,-95.3062357
MLS Listing,,Single Family Residential,4920 Curtin St,Houston,TX,77023,210000,3,2.0,Dixie,2033,8000,1930,51,103,,Active,,,https://www.redfin.com/TX/Houston/4920-Curtin-St-77023/home/29665521,HARMLS,77073258,N,Y,29.738061,-95.3265261
MLS Listing,,Single Family Residential,4802 Mcewen St,Houston,TX,77009,219000,2,1.0,Irvington Add,1932,5500,1940,51,113,,Active,,,https://www.redfin.com/TX/Houston/4802-McEwen-St-77009/home/29707080,HARMLS,45842014,N,Y,29.8034889,-95.3673155
MLS Listing,,Condo/Co-op,2824 S Bartell Dr #25,Houston,TX,77054,109500,2,1.0,Hearthwood 02 Condo Ph 01,825,86958,1980,52,133,375,Active,,,https://www.redfin.com/TX/Houston/2824-S-Bartell-Dr-77054/unit-25/home/30507288,HARMLS,67827422,N,Y,29.6818419,-95.4196876
MLS Listing,,Single Family Residential,10142 Valley Club Dr,Houston,TX,77078,224900,4,2.0,Verde Forest Sec 01,1346,6710,1982,52,167,,Active,,,https://www.redfin.com/TX/Houston/10142-Valley-Club-Dr-77078/home/30251824,HARMLS,52896484,N,Y,29.8481686,-95.2358443
MLS Listing,,Condo/Co-op,359 N Post Oak Ln #227,Houston,TX,77024,204000,2,2.0,Post Oak Lane Condo,1326,304370,1970,53,154,660,Active,,,https://www.redfin.com/TX/Houston/359-N-Post-Oak-Ln-77024/unit-227/home/30389278,HARMLS,76989202,N,Y,29.7751678,-95.4582464
MLS Listing,,Single Family Residential,10414 Wicklowe St,Houston,TX,77016,149900,2,1.0,Fontaine Place Sec 02,869,7800,1960,53,172,,Active,,,https://www.redfin.com/TX/Houston/10414-Wicklowe-St-77016/home/30033312,HARMLS,73322576,N,Y,29.8620681,-95.3093916
MLS Listing,,Condo/Co-op,4641 Wild Indigo St Unit 26/449,Houston,TX,77027,175000,3,2.0,New Castle At Town Plaza Ph 02,1370,166530,1970,53,128,775,Active,,,https://www.redfin.com/TX/Houston/4641-Wild-Indigo-St-77027/unit-26-449/home/30452285,HARMLS,35010427,N,Y,29.7280163,-95.4528131
MLS Listing,,Townhouse,5205 Chapman St,Houston,TX,77009,189999,4,1.0,Ryon,1066,5000,1960,55,178,,Active,,,https://www.redfin.com/TX/Houston/5205-Chapman-St-77009/home/29741347,HARMLS,73588331,N,Y,29.8071081,-95.354735
MLS Listing,,Single Family Residential,5619 Lyndhurst Dr,Houston,TX,77033,185000,3,2.0,Edgewood Sec 01,1219,6376,1948,55,152,,Active,,,https://www.redfin.com/TX/Houston/5619-Lyndhurst-Dr-77033/home/30054424,HARMLS,29320992,N,Y,29.6682393,-95.3390648
MLS Listing,,Condo/Co-op,3525 Sage Rd #407,Houston,TX,77056,172500,1,1.0,3525 Sage Street Condo,834,111612,1985,55,207,592,Active,,,https://www.redfin.com/TX/Houston/3525-Sage-Rd-77056/unit-407/home/30606099,HARMLS,72388541,N,Y,29.729101,-95.466053
MLS Listing,,Single Family Residential,3016 Gray St,Houston,TX,77004,200000,2,1.0,Pierce Court,1056,5000,1930,55,189,,Active,,,https://www.redfin.com/TX/Houston/3016-Gray-St-77004/home/29849040,HARMLS,92532821,N,Y,29.7391521,-95.3556253
MLS Listing,,Single Family Residential,5637 Wood Creek Way,Houston,TX,77017,219900,3,1.5,Meadow Creek Village,1305,6510,1955,58,169,,Active,,,https://www.redfin.com/TX/Houston/5637-Wood-Creek-Way-77017/home/30085375,HARMLS,92734115,N,Y,29.6765657,-95.2344482
MLS Listing,,Single Family Residential,6611 Paris St,Houston,TX,77021,169000,3,1.0,Grand Park,1048,5000,1950,58,161,,Active,,,https://www.redfin.com/TX/Houston/6611-Paris-St-77021/home/34251241,HARMLS,85678698,N,Y,29.6916558,-95.3499146
MLS Listing,,Single Family Residential,5901 Crest Ct,Houston,TX,77033,109000,2,1.0,Southcrest Sec 01,1368,9970,1950,59,80,,Active,,,https://www.redfin.com/TX/Houston/5901-Crest-Ct-77033/home/30026597,HARMLS,32162361,N,Y,29.688254,-95.3283409
MLS Listing,,Single Family Residential,6110 Laura Koppe Rd,Houston,TX,77016,169999,0,,Laura Koppe Place,600,10800,1994,59,283,,Active,,,https://www.redfin.com/TX/Houston/6110-Laura-Koppe-Rd-77016/home/179618533,HARMLS,10959375,N,Y,29.840228,-95.3090048
MLS Listing,,Condo/Co-op,2700 Revere St #127,Houston,TX,77098,219900,1,1.0,Oak Lane Condos,901,77552,1981,59,244,546,Active,,,https://www.redfin.com/TX/Houston/2700-Revere-St-77098/unit-127/home/29407347,HARMLS,49245142,N,Y,29.7413737,-95.4169437
MLS Listing,,Condo/Co-op,3946 W Alabama St #6,Houston,TX,77027,189990,2,2.0,Foresters Pond Condo,858,134147,1963,61,221,455,Active,,,https://www.redfin.com/TX/Houston/3946-W-Alabama-St-77027/unit-6/home/30399786,HARMLS,78659089,N,Y,29.7383342,-95.4444085
MLS Listing,,Condo/Co-op,2601 Bellefontaine St Unit B203,Houston,TX,77025,94800,1,1.0,Barclay Condo Ph 03,744,139327,1960,61,127,539,Active,,,https://www.redfin.com/TX/Houston/2601-Bellefontaine-St-77025/unit-B203/home/30424587,HARMLS,74237690,N,Y,29.702838,-95.4192205
MLS Listing,,Single Family Residential,7511 Avenue J,Houston,TX,77012,199500,4,2.0,Magnolia Park Sec 02,1460,2500,1930,62,137,,Active,,,https://www.redfin.com/TX/Houston/7511-Avenue-J-77012/home/29719337,HARMLS,75807735,N,Y,29.738657,-95.2891187
MLS Listing,,Single Family Residential,6902 Avenue P,Houston,TX,77011,124900,1,1.0,Central Park,682,3300,1940,62,183,,Active,,,https://www.redfin.com/TX/Houston/6902-Avenue-P-77011/home/148105502,HARMLS,91719787,N,Y,29.7463115,-95.2999824
MLS Listing,,Single Family Residential,4705 Randon Rd,Houston,TX,77092,219995,3,2.0,Rosslyn Heights Sec 02,1721,8500,1955,62,128,,Active,,,https://www.redfin.com/TX/Houston/4705-Randon-Rd-77092/home/29738909,HARMLS,65629176,N,Y,29.8376092,-95.4652691
MLS Listing,,Single Family Residential,3826 Eddie St,Houston,TX,77026,174900,2,1.0,Ralston Add 14,870,4500,1950,63,201,,Active,,,https://www.redfin.com/TX/Houston/3826-Eddie-St-77026/home/29736755,HARMLS,87408974,N,Y,29.786107,-95.3318802
MLS Listing,,Single Family Residential,8505 Safeguard St,Houston,TX,77051,200000,3,2.0,Safeguard,1354,7350,1955,63,148,,Active,,,https://www.redfin.com/TX/Houston/8505-Safeguard-St-77051/home/30026249,HARMLS,16501956,N,Y,29.6682578,-95.3590975
MLS Listing,,Single Family Residential,4134 1/2 Erie St,Houston,TX,77087,138000,2,1.0,Park Place,780,6205,1980,63,177,,Active,,,https://www.redfin.com/TX/Houston/4134-1-2-Erie-St-77087/home/29150052,HARMLS,57361996,N,Y,29.6804323,-95.279362
MLS Listing,,Single Family Residential,4519 Hoffman St,Houston,TX,77026,219000,3,2.0,Kashmere Gardens Add,1074,17400,1955,64,204,,Active,,,https://www.redfin.com/TX/Houston/4519-Hoffman-St-77026/home/29937736,HARMLS,42954059,N,Y,29.8017877,-95.313213
MLS Listing,,Single Family Residential,4809 Rand St,Houston,TX,77026,109000,1,1.0,Kashmere Gardens,714,4500,1940,64,153,,Active,,,https://www.redfin.com/TX/Houston/4809-Rand-St-77026/home/29501871,HARMLS,60146634,N,Y,29.8040486,-95.321912
MLS Listing,,Single Family Residential,10166 Valley Breeze Dr,Houston,TX,77078,199900,3,2.0,Parkwood East Sec 01 R/p,1160,5280,1983,64,172,,Active,,,https://www.redfin.com/TX/Houston/10166-Valley-Breeze-Dr-77078/home/30349286,HARMLS,80666321,N,Y,29.8489841,-95.2351713
MLS Listing,,Single Family Residential,326 Tite St,Houston,TX,77029,215000,2,2.0,Fidelity,1119,2500,2023,64,192,,Active,,,https://www.redfin.com/TX/Houston/326-Tite-St-77029/home/182980900,HARMLS,98286123,N,Y,29.7448965,-95.25595
MLS Listing,,Single Family Residential,3127 Coal St,Houston,TX,77026,125000,4,1.0,Bay Street Gardens,1275,6350,1928,64,98,,Active,,,https://www.redfin.com/TX/Houston/3127-Coal-St-77026/home/29959790,HARMLS,97625349,N,Y,29.8015246,-95.3367285
MLS Listing,,Single Family Residential,7142 Avenue K,Houston,TX,77011,139000,1,1.0,Magnolia Park,843,2500,1949,64,165,,Active,,,https://www.redfin.com/TX/Houston/7142-Avenue-K-77011/home/29719718,HARMLS,84073535,N,Y,29.7410249,-95.2955089
MLS Listing,,Single Family Residential,5034 Malmedy Rd,Houston,TX,77033,184900,2,1.0,South Park Sec 02,1107,5737,1950,64,167,,Active,,,https://www.redfin.com/TX/Houston/5034-Malmedy-Rd-77033/home/30014812,HARMLS,44308034,N,Y,29.6835243,-95.3442204
MLS Listing,,Single Family Residential,7908 Wileyvale St,Houston,TX,77016,224406,3,2.0,Trinity Garden Sec 3,1350,12000,2023,65,166,,Active,,,https://www.redfin.com/TX/Houston/7908-Wileyvale-Rd-77016/home/184724978,HARMLS,72427918,N,Y,29.8325254,-95.3163423
MLS Listing,,Single Family Residential,8810 Cowart St,Houston,TX,77029,225000,4,2.5,Pleasantville Sec 07,1887,6992,1957,65,119,,Active,,,https://www.redfin.com/TX/Houston/8810-Cowart-St-77029/home/30092065,HARMLS,57019692,N,Y,29.7652424,-95.2660938
MLS Listing,,Single Family Residential,803 E 32nd St,Houston,TX,77022,145000,3,1.0,Mccomb L B,1296,4000,1940,65,112,,Active,,,https://www.redfin.com/TX/Houston/803-E-32nd-St-77022/home/29817788,HARMLS,37457615,N,Y,29.8154453,-95.3890914
MLS Listing,,Single Family Residential,6810 Longview St,Houston,TX,77020,215000,2,1.0,Harbor Homesite,768,5000,1946,66,280,,Active,,,https://www.redfin.com/TX/Houston/6810-Longview-St-77020/home/29677972,HARMLS,29173799,N,Y,29.7847918,-95.3018155
MLS Listing,,Single Family Residential,332 E Crosstimbers St,Houston,TX,77022,210000,3,2.0,Oakwood,945,1877,1945,66,222,,Active,,,https://www.redfin.com/TX/Houston/332-E-Crosstimbers-St-77022/home/29809361,HARMLS,64903978,N,Y,29.8282545,-95.3698763
MLS Listing,,Condo/Co-op,4040 San Felipe #257,Houston,TX,77027,224000,2,2.0,River Oaks T/h,930,251985,1956,66,241,537,Active,,,https://www.redfin.com/TX/Houston/4040-San-Felipe-St-77027/unit-257/home/30360559,HARMLS,40254301,N,Y,29.7470893,-95.4471781
MLS Listing,,Single Family Residential,10325 Lane St,Jacinto City,TX,77029,165000,2,1.0,Industrial Add,884,6032,1950,67,187,,Active,,,https://www.redfin.com/TX/Houston/10325-Lane-St-77029/home/29835832,HARMLS,82631306,N,Y,29.760208,-95.2460377
MLS Listing,,Townhouse,5801 Lumberdale #123,Houston,TX,77092,165000,2,2.5,Forest Lake Townhomes,1696,,1976,67,97,375,Active,,,https://www.redfin.com/TX/Houston/5801-Lumberdale-Rd-77092/unit-123/home/30312578,HARMLS,49553141,N,Y,29.8516085,-95.4851979
MLS Listing,,Single Family Residential,3704 Seabrook St,Houston,TX,77021,204999,2,1.0,South End Sunnyside Add,1053,5000,1955,68,195,,Active,,,https://www.redfin.com/TX/Houston/3704-Seabrook-St-77021/home/30004181,HARMLS,97304616,N,Y,29.6853879,-95.3689076
MLS Listing,,Condo/Co-op,357 N Post Oak Ln #303,Houston,TX,77024,180000,1,1.0,Post Oak Lane Condo,1026,304370,1970,68,175,638,Active,,,https://www.redfin.com/TX/Houston/357-N-Post-Oak-Ln-77024/unit-303/home/30389494,HARMLS,54820062,N,Y,29.7752045,-95.4579077
MLS Listing,,Single Family Residential,9718 Seeker St,Houston,TX,77078,195000,3,2.0,Glenwood Forest Sec 03,1478,6600,1975,68,132,,Active,,,https://www.redfin.com/TX/Houston/9718-Seeker-St-77078/home/30273832,HARMLS,54130621,N,Y,29.8534441,-95.2727088
MLS Listing,,Condo/Co-op,6200 W Tidwell Rd #2704,Houston,TX,77092,102000,3,2.0,Asbury Park Llc Condo,1373,440793,1974,69,74,395,Active,,,https://www.redfin.com/TX/Houston/6200-W-Tidwell-Rd-77092/unit-2704/home/29638113,HARMLS,85364515,N,Y,29.8517286,-95.4823893
MLS Listing,,Single Family Residential,128 Riggs Rd,Houston,TX,77022,190000,2,1.5,Bukewski Unr,778,6490,1940,69,244,,Active,,,https://www.redfin.com/TX/Houston/128-Riggs-Rd-77022/home/29792957,HARMLS,68781372,N,Y,29.8243157,-95.3779548
MLS Listing,,Condo/Co-op,2601 Bellefontaine St Unit C316,Houston,TX,77025,110000,1,1.0,Barclay Condo Ph 03,744,139327,1960,69,148,539,Active,,,https://www.redfin.com/TX/Houston/2601-Bellefontaine-St-77025/unit-C316/home/30424685,HARMLS,11629844,N,Y,29.702838,-95.4192205
MLS Listing,,Condo/Co-op,6200 W Tidwell Rd #1007,Houston,TX,77092,79990,2,1.0,Asbury Park Condos,829,440793,1974,69,96,395,Active,,,https://www.redfin.com/TX/Houston/6200-W-Tidwell-Rd-77092/unit-1007/home/29636314,HARMLS,11180911,N,Y,29.8517286,-95.4823893
MLS Listing,,Single Family Residential,3123 Vintage St,Houston,TX,77026,170000,2,1.0,Bay Street Gardens,936,8000,1933,69,182,,Active,,,https://www.redfin.com/TX/Houston/3123-Vintage-St-77026/home/29959608,HARMLS,24193216,N,Y,29.8033469,-95.3371102
MLS Listing,,Condo/Co-op,5669 Birchmont Dr Unit E,Houston,TX,77091,115000,2,1.5,Homes Condo Sec 02,1121,81488,1977,69,103,262,Active,,,https://www.redfin.com/TX/Houston/5669-Birchmont-Dr-77091/unit-E/home/176766827,HARMLS,23095014,N,Y,29.843531,-95.472477
MLS Listing,,Condo/Co-op,5628 Birchmont Dr Unit D,Houston,TX,77091,130000,2,1.0,Creekmont Forest Sec 01 Condo,968,319642,1972,69,134,262,Active,,,https://www.redfin.com/TX/Houston/5628-Birchmont-Dr-77091/unit-D/home/173024390,HARMLS,89899857,N,Y,29.844366,-95.470694
MLS Listing,,Single Family Residential,8713 Lavender St,Houston,TX,77016,135000,1,1.0,Autumn Place,920,11880,1949,70,147,,Active,,,https://www.redfin.com/TX/Houston/8713-Lavender-St-77016/home/29943064,HARMLS,70171711,N,Y,29.8394092,-95.32182
MLS Listing,,Single Family Residential,1808 Carr St,Houston,TX,77026,199900,2,2.0,Chapmans Sec 02,924,2725,1948,70,216,,Active,,,https://www.redfin.com/TX/Houston/1808-Carr-St-77026/home/29656901,HARMLS,94545399,N,Y,29.7778999,-95.3447265
MLS Listing,,Townhouse,731 Bering Drive Dr Unit B,Houston,TX,77057,220000,2,2.0,Woodway Crossing Condo,1282,83562,1978,72,172,429,Active,,,https://www.redfin.com/TX/Houston/731-Bering-Dr-77057/unit-B/home/30449779,HARMLS,40130181,N,Y,29.7585001,-95.4788567
MLS Listing,,Single Family Residential,5210 Laura Koppe,Houston,TX,77016,219000,3,3.0,Homes at Laura Koppe Rd,1194,,2023,72,183,,Active,,,https://www.redfin.com/TX/Houston/5210-Laura-Koppe-Rd-77016/home/184813522,HARMLS,10076167,N,Y,29.8404014,-95.3150772
MLS Listing,,Single Family Residential,5208 Laura Koppe,Houston,TX,77016,219000,3,3.0,Homes at Laura Koppe Rd,1194,,2023,72,183,,Active,,,https://www.redfin.com/TX/Houston/5208-Laura-Koppe-Rd-77016/home/184813497,HARMLS,19498916,N,Y,29.8404013,-95.3150825
MLS Listing,,Single Family Residential,4620 Pardee St,Houston,TX,77026,125000,2,1.0,Kashmere Gardens,792,2275,1956,72,158,,Active,,,https://www.redfin.com/TX/Houston/4620-Pardee-St-77026/home/29936809,HARMLS,10158806,N,Y,29.8056708,-95.3229182
MLS Listing,,Condo/Co-op,7900 N Stadium Dr #261,Houston,TX,77030,115000,1,1.0,Briar Green Condo Ph 01,696,230940,1979,72,165,299,Active,,,https://www.redfin.com/TX/Houston/7900-N-Stadium-Dr-77030/unit-261/home/30457965,HARMLS,17840259,N,Y,29.6960567,-95.4091009
MLS Listing,,Single Family Residential,3301 Jewel St,Houston,TX,77026,90000,0,,Angiers Sec 01,792,2706,1930,73,114,,Active,,,https://www.redfin.com/TX/Houston/3301-Jewel-St-77026/home/29648798,HARMLS,7419867,N,Y,29.7900845,-95.3361295
MLS Listing,,Single Family Residential,7330 Avenue I,Houston,TX,77011,215000,3,1.0,Magnolia Park Sec 02,1394,5000,1938,73,154,,Active,,,https://www.redfin.com/TX/Houston/7330-Avenue-I-77011/home/29719558,HARMLS,92574469,N,Y,29.7387184,-95.2929732
MLS Listing,,Single Family Residential,6628 Lozier St,Houston,TX,77021,190000,3,1.0,Southland Place,1386,6695,1955,74,137,,Active,,,https://www.redfin.com/TX/Houston/6628-Lozier-St-77021/home/29951574,HARMLS,50898991,N,Y,29.7005033,-95.3687047
MLS Listing,,Condo/Co-op,6200 W Tidwell Rd #1601,Houston,TX,77092,57000,2,1.0,Asbury Park Condos,829,440793,1974,74,69,395,Active,,,https://www.redfin.com/TX/Houston/6200-W-Tidwell-Rd-77092/unit-1601/home/29637677,HARMLS,32649255,N,Y,29.8517286,-95.4823893
MLS Listing,,Townhouse,6200 W Tidwell Rd #1110,Houston,TX,77092,70000,2,1.5,Asbury Park Llc Condo,1133,440793,1974,74,62,395,Active,,,https://www.redfin.com/TX/Houston/6200-W-Tidwell-Rd-77092/unit-1110/home/29637743,HARMLS,36420356,N,Y,29.8517286,-95.4823893
MLS Listing,,Condo/Co-op,2011 Spenwick Dr #324,Houston,TX,77055,120000,1,1.0,Spring Point 02 Condo Ph 02,742,32679,1983,74,162,295,Active,,,https://www.redfin.com/TX/Houston/2011-Spenwick-Dr-77055/unit-324/home/30547240,HARMLS,64540404,N,Y,29.8073908,-95.4904969
MLS Listing,,Townhouse,5843 Village Forest Ct,Houston,TX,77092,175000,4,2.5,Laguna Twnhm,1516,478113,1976,74,115,269,Active,,,https://www.redfin.com/TX/Houston/5843-Village-Forest-Ct-77092/home/30276939,HARMLS,87257976,N,Y,29.8474326,-95.4767571
MLS Listing,,Single Family Residential,242 Parker Rd,Houston,TX,77076,175000,3,1.0,Strathmore Place,1264,8040,1950,75,138,,Active,,,https://www.redfin.com/TX/Houston/242-Parker-Rd-77076/home/30027979,HARMLS,80901375,N,Y,29.8590981,-95.3742671
MLS Listing,,Single Family Residential,6318 Sayers St,Houston,TX,77026,179900,3,1.0,Wilshire Place,1195,6490,1950,76,151,,Active,,,https://www.redfin.com/TX/Houston/6318-Sayers-St-77026/home/29957973,HARMLS,63618949,N,Y,29.8176552,-95.3316712
MLS Listing,,Single Family Residential,5831 Pershing St,Houston,TX,77033,197500,4,2.0,Southcrest Sec 05,1478,6615,1947,76,134,,Active,,,https://www.redfin.com/TX/Houston/5831-Pershing-St-77033/home/30027204,HARMLS,44650891,N,Y,29.6757109,-95.3331468
MLS Listing,,Condo/Co-op,355 N Post Oak Ln #632,Houston,TX,77024,215000,1,1.0,Post Oak Lane Condo,1140,304370,1970,77,189,633,Active,,,https://www.redfin.com/TX/Houston/355-N-Post-Oak-Ln-77024/unit-632/home/30389439,HARMLS,68530328,N,Y,29.7739385,-95.458533
MLS Listing,,Condo/Co-op,915 Franklin St Unit 2J,Houston,TX,77002,219900,1,1.0,Bayou Lofts Condo 02 Amd,915,,1997,77,240,845,Active,,,https://www.redfin.com/TX/Houston/915-Franklin-St-77002/unit-2J/home/30717083,HARMLS,10944354,N,Y,29.76376,-95.36037
MLS Listing,,Condo/Co-op,2820 S Bartell Dr #313,Houston,TX,77054,65000,1,1.0,Hearthwood 02 Condo Ph 02,700,92537,1983,78,93,318,Active,,,https://www.redfin.com/TX/Houston/2820-S-Bartell-Dr-77054/unit-313/home/30507192,HARMLS,37063201,N,Y,29.6807999,-95.4200661
MLS Listing,,Single Family Residential,3462 Tuam St,Houston,TX,77004,199900,2,1.0,Houston City St Rwy Sec 04,840,4869,1938,78,238,,Active,,,https://www.redfin.com/TX/Houston/3462-Tuam-St-77004/home/29687630,HARMLS,80578131,N,Y,29.7305222,-95.349574
MLS Listing,,Single Family Residential,4806 Wipprecht St,Houston,TX,77026,180000,3,1.0,Kashmere Gardens,924,15000,1940,80,195,,Active,,,https://www.redfin.com/TX/Houston/4806-Wipprecht-St-77026/home/29936782,HARMLS,42980687,N,Y,29.8043935,-95.3221205
MLS Listing,,Single Family Residential,8608 Wileyvale Rd,Houston,TX,77016,198995,2,1.0,Trinity Gardens Sec 03,1040,12000,1950,80,191,,Active,,,https://www.redfin.com/TX/Houston/8608-Wileyvale-Rd-77016/home/29943000,HARMLS,90644441,N,Y,29.8382134,-95.31652
MLS Listing,,Townhouse,2714 Hardy St,Houston,TX,77009,184900,2,1.0,Ryon,837,5000,1970,80,221,,Active,,,https://www.redfin.com/TX/Houston/2714-Hardy-St-77009/home/29738934,HARMLS,33014516,N,Y,29.78613,-95.3517589
MLS Listing,,Single Family Residential,7425 Lockwood Dr,Houston,TX,77016,127000,2,1.0,Trinity Gardens,1276,12150,1945,81,100,,Active,,,https://www.redfin.com/TX/Houston/7425-Lockwood-Dr-77016/home/184462316,HARMLS,13251973,N,Y,29.8273344,-95.3189589
